,Country Name,Dietary Sodium,Added sugars,Dietary fiber,Dietary cholesterol,Plant omega-3 fat,Seafood omega-3 fat,Total omega-6 fat,Monounsaturated fatty acids,Saturated fat,Total protein,Total carbohydrates,Value
0,Afghanistan,3200.55427078335,9.36614800602085,45.7998018957359,73.2845097522439,924.147201698231,2.47944390038883,2.61634672874517,5.07692099675107,7.31509303953692,59.7880686212186,66.202232441101,3.2
1,Afghanistan,3100.74767329524,13.9369421859354,45.7266592230779,69.7106507984431,930.25441843534,2.35568052916478,2.62435434558791,4.94350780108293,7.59825841246897,58.3617420415504,68.8522930638335,7.6
2,Angola,2037.66429234534,4.5271707728795,27.92626347771,114.498067091404,722.736792338527,126.820550217827,2.68008547191275,10.2204818330418,10.4473090901624,38.7188722295855,58.233482798372,4.0
3,Angola,1948.53029426347,5.04495082513991,28.5602009631179,109.89861587371,749.214256898173,119.217044051131,2.69769710309176,9.98677502522922,10.8523674614439,36.885971839332,61.8723527059854,12.1
4,Albania,3429.34189052671,32.6458124643293,30.3572988156728,419.777458477276,540.43847300314,156.006262164184,2.46005090874629,15.4292882591687,11.9202495226713,68.8218302128669,47.4093744893955,21.6
5,Albania,3107.92528512217,32.3772314912754,30.2473907337759,394.647625242459,474.044362252559,137.51563612601,2.47962168846166,14.6348281616452,12.3407328877727,64.2825669190683,53.2375339401664,21.8
6,United Arab Emirates,3035.32842934159,7.23554160762979,14.5001884883531,251.906869044872,1521.51789559025,11.8830197332069,2.45217196294299,11.1855813074032,8.80581883023832,83.929249980457,57.7096716848699,27.5
7,United Arab Emirates,3052.25946521069,8.51783516057125,13.6551123822809,255.25574465598,1549.25599854753,11.1004373544671,2.41167122910783,9.052599326813493,9.058811200057352,71.3705333069044,59.3703571436716,41.0
8,Argentina,1825.95798582309,11.2158219632209,12.345968948481,274.760651350723,480.027835203063,109.295317074417,2.63145870769211,11.3584159480084,11.0550400673772,79.265934832418,46.9078294620617,27.3
9,Argentina,1530.77029426737,12.130030755649,11.5309222638845,257.828921502932,395.108422074292,103.091266167934,2.68509211014754,10.6753965786374,11.5095125014179,73.9796669775979,51.9316275402954,29.0
10,Armenia,3013.93801894475,11.8990155397552,34.9547845992957,332.634573580576,657.819332157824,151.807649893298,2.53187503107471,20.3189224078442,11.4620991413942,105.562904672406,48.1030002366187,17.1
11,Armenia,2734.45754004788,10.8217186646705,35.2653031820545,314.001454532185,582.496627700801,141.255061113752,2.55750002978281,19.3719116277855,11.9017370506945,99.4868732200954,53.8967087734822,23.0
12,Antigua and Barbuda,2413.49406653715,13.9741692544708,25.1494441522607,214.103622924992,966.290626298255,776.661528206351,2.67132148057979,8.14473282707107,9.3570999025522,97.2854210021,55.7332862896487,11.6
13,Antigua and Barbuda,2342.52986597415,14.4301643788249,25.6937029168509,204.989375573817,921.546684397289,752.879086139126,2.68382291653636,8.10047886139053,9.80364491346856,94.9307315176881,57.9522520138295,25.9
14,Australia,2740.92248641114,8.92441686883048,19.2363300700279,227.684888241893,1422.40309787724,567.219615582926,2.65476353713589,12.4104307903653,12.7978110307319,76.1581252261211,44.8781549551008,29.6
15,Australia,2493.0248416194,9.389785311963,19.4776270977545,226.347750902227,1469.74259785715,552.516081079784,2.65356679482203,12.4224754889032,13.0437399193631,71.3302808604138,48.0926752536508,28.4
16,Austria,3088.83847489114,10.8942194812253,20.9292536749116,317.899340590719,1182.25426314186,402.85335285859,2.82022716062317,13.4741667534572,16.1880325431096,63.8067900894138,44.982783165463,21.9
17,Austria,2971.30390807363,11.3818953463777,23.0715083073405,323.557891328489,1221.25470317097,394.176721587693,2.83389574660759,13.4585910404551,16.4432799407541,59.5414275231501,48.1954880573775,18.3
18,Azerbaijan,2809.56769553908,1.66517566615575,17.8895574479287,307.607494277868,534.251204227839,69.0376332845271,2.45095875702855,21.9513398008109,8.97192334961248,105.006451668818,49.9371417073026,15.8
19,Azerbaijan,2554.52945643048,1.46182879008964,17.8960677570863,291.183812024281,470.124357690051,61.9343245966543,2.4717343218942,21.0848835823997,9.34741763412048,98.58923792953732,55.6689453037814,23.6
20,Burundi,1977.35394650456,5.81068062070228,26.4117521578714,128.54587958688,627.971847999997,57.1787572881123,2.54101545150806,11.4386835233786,8.88650004787482,58.9871709459157,61.3139927081713,2.1
21,Burundi,1890.10253569495,6.54227622492657,27.0213615831491,123.393282074978,654.002969650092,54.1526458598708,2.55684584238277,11.1558726439844,9.2286007222045,56.1934554572293,64.6469941015612,8.6
22,Belgium,2727.8333344977,19.1959458466534,16.2090029389068,273.420281393388,1267.49016759903,231.50079511929,2.70418813305042,13.6367958056911,15.1691245648166,87.2868120584909,48.9531148926634,23.1
23,Belgium,2446.45473808931,19.5654300527138,17.9049181903982,252.11725019631,1308.49811527141,226.158971108471,2.69575331635192,13.6175576543738,15.5076946791451,85.0466844550821,52.1866576278253,21.0
24,Benin,2164.69436974746,25.1940812563191,13.8619873081645,113.523767206279,765.118880839786,102.942661737389,2.61327498771788,13.832623112378,7.71117225590561,50.222533503267,60.4000804163198,4.7
25,Benin,2085.07438172787,25.7244223250772,14.2417548239773,109.09582727057,789.620748639948,96.0993500855753,2.62497433810782,13.4990557222511,8.08572994901274,47.9479357073838,63.8284574676923,14.2
26,Burkina Faso,1854.38396614578,6.27143925048992,14.5764010608117,96.2119058640554,1015.92867989856,164.390375867076,2.66144874930928,13.8555375450983,7.62180737954374,75.6244668979999,66.3597335551391,2.6
27,Burkina Faso,1766.9492731244,7.13371843298846,15.040263909865,93.1267544334371,1048.40462414245,154.461841908855,2.67651098661424,13.5044584867171,8.00720444348208,77.3138690100365,70.8944167208531,8.1
28,Bangladesh,3942.58538993051,0.30849778742174,23.5151051234822,60.8837328476978,401.838480652048,101.963015569582,2.43157475098246,3.85616105520832,3.11037934505087,45.8279604686669,73.5217749854272,2.3
29,Bangladesh,4012.59640288591,0.534690749260369,24.3413198068107,54.1384647795884,408.369178787477,96.90658046693332,2.39790234235485,3.45500017370608,3.00021476699203,45.8627377210863,74.5442626659106,5.0
30,Bulgaria,2852.66847062563,1.79413687235119,21.1819492828838,269.814052326401,976.54328437353,136.637769620642,3.05951390882014,10.340043839433,12.79939900037,63.8389418718473,48.4370580775416,25.5
31,Bulgaria,2477.4485003985,1.56289951723916,18.5665680264106,234.960980503449,846.855189348176,110.021447979176,3.08799431106679,9.670042792493533,13.0872883108261,59.8232719104687,55.5113287683133,24.3
32,Bahrain,5154.95420583116,10.1658583932217,9.72497226604025,220.598194474063,1100.95571818254,53.5118605708966,2.72001290539082,14.7458059240526,10.5193471664419,85.9748236045904,52.9909652400392,25.5
33,Bahrain,4793.0209705499,11.3031959988976,8.68776406847632,191.847521674147,1119.47810244932,50.5657606155755,2.73225835222179,13.3971003908685,11.0168725948746,75.8557830047453,55.3634408783992,36.8
34,"Bahamas, The",2447.42593271237,4.74963658452973,21.2986779136946,279.119089413527,871.214796218397,239.645981088252,2.62536127134478,7.40184519978998,10.7921087760177,70.3264134790373,53.7583177166399,24.4
35,"Bahamas, The",2380.66143295392,5.00648280301034,21.7638004221128,267.402312388553,829.115690867268,235.409968097107,2.64070390351188,7.41655130029477,11.2680279891546,68.5003186540777,56.0223465551154,38.1
36,Bosnia and Herzegovina,2963.3961649661,3.9596425172686,18.5269065984971,334.343342906195,610.548400696624,151.025127345197,2.50388051505765,19.6047275587961,9.69505769933268,84.8518420897125,48.0991517411948,17.1
37,Bosnia and Herzegovina,2665.97568569721,3.49637669352601,18.4778761846968,313.313854769521,529.93414649222,130.291206613252,2.52315068400397,18.5824202290931,10.0253068042437,78.9591452768275,53.9453482812574,18.4
38,Belarus,3213.83244973755,5.38848672028885,31.7271136810348,377.658907096824,844.262888802977,818.133500682074,2.60095230816985,14.7780690175243,13.6729520750903,74.4874177607646,44.0205659600844,22.1
39,Belarus,2872.10239560861,4.85786701937843,31.6748815821684,352.187328639929,724.565862726989,705.545679426583,2.6181749150456,13.8035974499262,14.1388582652021,69.3845431959056,49.9500876572133,26.3
40,Belize,2011.1502847407,19.0177213129018,15.7228168393929,324.879057693704,806.910115416799,127.166134253203,2.59153677881615,10.8146275454509,7.5198801084297,66.6568395438175,56.7393489926877,16.5
41,Belize,1926.36828441359,19.7289408708088,16.0306506831321,311.751808375548,767.049241008787,119.347851135511,2.60488159889068,10.8240345878511,7.94474351610067,65.2027461746851,59.034361912263,31.5
42,Bolivia,2273.94261053421,7.12904436013934,8.6249498535646,286.297878822243,876.074849420296,17.2937764329486,2.58996940392403,10.9788899864416,11.0828487891269,57.6485619919051,47.6759639725849,14.5
43,Bolivia,2201.52627874577,8.1440443607428,8.99319606534104,274.324884191736,837.115898190565,16.292366613171,2.60362591940253,11.3614393181408,11.9249482617139,54.8173043984924,50.0658814781509,25.6
44,Brazil,3207.95800766827,11.7440379058094,28.90693698284,277.92628494419,1975.68277790818,110.825917842713,2.72999138208239,10.4398895771738,9.90915212946889,95.9733374590932,52.0801477904406,18.5
45,Brazil,3056.66585776846,13.2124169524264,28.6451016847108,267.27770517914,1916.73974617569,103.593923403911,2.73746129471789,10.4529000346638,10.268210912392,91.0461559031319,53.653743637446,25.4
46,Barbados,2220.91490495993,19.7313509595527,38.1085496171195,273.21974325185,268.063100574445,1582.13544324101,2.86528840819525,8.25815007712361,8.76026326476786,59.3075040175068,55.6003993774933,14.7
47,Barbados,2157.25257044605,20.1351028568314,39.0003414439748,267.610717795712,252.165593978112,1515.2378116736,2.87323597292645,8.25040579875165,9.05118636870256,57.7248412899813,57.8753882136492,31.3
48,Brunei Darussalam,2762.15943817211,20.4507879623512,15.4803575492979,341.976102761782,953.927494369163,630.962123153365,2.5601165810023,10.01211732488,12.65825776332,80.4482715795877,58.1558553918337,12.5
49,Brunei Darussalam,2721.42664929767,25.0371995349436,15.8644635612186,336.749439135978,1028.76529824136,617.421415839107,2.57281500629783,10.060762740562,13.0880688643517,79.1585586526947,59.2439492876349,15.7
50,Bhutan,3161.41058762016,11.7343729839072,32.3247676033848,109.501344968593,705.073922151669,115.476624898985,2.57921518483319,6.09105202519304,6.44460819166699,56.0232703934356,67.0110371776063,4.7
51,Bhutan,3065.42900793354,15.9622057736553,32.2181577800572,103.257217836234,711.351683068894,108.113997963452,2.58669114101255,5.94189479108759,6.75599290901759,54.6591850058813,69.4981628294968,8.5
52,Botswana,1972.57594001676,14.5651817490314,36.8879620040467,169.726426319891,750.073628682556,37.3015536740859,2.70848493356748,11.610222434429,8.32553596406421,88.6154034576995,56.0229597310762,8.1
53,Botswana,1884.71774115727,15.1619207941471,37.8703390609785,163.670788778246,780.089617459664,35.3508191018688,2.72006463711867,11.3740993388487,8.67518541550409,84.830554957202,59.4528796999774,29.3
54,Central African Republic,1905.94736865939,0.11457687431095,23.2547578065299,149.132624721851,1046.35419361212,145.83155133462,2.72809656302397,9.90921103431552,8.86789386888693,71.3024824691674,58.9831131503798,3.7
55,Central African Republic,1812.69342353819,0.137975895065791,23.8169127075435,144.441069713012,1073.22782719264,136.893108201228,2.74121365348503,9.6431860546877,9.293140160980553,67.9941035042092,62.5295165207247,10.9
56,Canada,2893.80189741893,9.72142066935051,14.7644079162934,280.779121335709,1627.16877167677,137.282307918135,2.53284453435813,12.2005420596065,10.8594259914523,84.994918854926,48.6938992255908,29.5
57,Canada,2787.42224781776,10.1311999474485,15.9827131698282,274.681207521684,1757.10824004469,135.339905413564,2.53747269908742,11.8347318665286,11.1145441983034,82.9613150992653,50.4003271038001,29.3
58,Switzerland,2716.99615548596,4.67993303963094,15.5797032457768,271.461838725359,1316.59076178613,350.688601526121,2.6460368525992,12.6604840784846,13.1583997313426,67.8965266142142,43.4230933091433,22.2
59,Switzerland,2552.28777413391,5.5937224795605,15.4625604500998,232.249258847432,1357.18396636459,340.109768188743,2.66055162801641,14.3128487713243,13.9839746783299,58.0748552754648,48.6290498032019,16.9
60,Chile,2544.38429086413,15.1021061932889,22.5075885813976,352.566217817704,801.076512485021,131.906677916305,3.19732840919736,10.1979800574373,10.4323385615749,84.9863591735361,59.7940037538451,24.9
61,Chile,2463.47790796759,15.6012802234616,22.0421016487514,336.272200099076,763.260544834319,124.743965701083,3.24043789762808,10.9458717610904,11.0590775092451,86.0588847887562,62.8217968097314,31.0
62,China,4170.19525789945,0.35928488252727,20.9010299249221,274.3357744367,2697.79375592638,68.6153599908198,2.92542083899814,8.8418931471237,10.0441528092224,71.934291002881,59.307556108042,5.9
63,China,3819.815670312,0.840919858035487,21.8703284105153,265.588599783953,2926.0398026733,67.4388485607196,2.93718660801035,8.76197118950504,10.0398261436552,71.2689290312493,60.5763262970387,6.5
64,Cote d'Ivoire,2068.63016489652,2.9677720932897,20.4712817743236,126.515081046704,479.36404831872,57.2037945331934,2.50563409514436,13.6569112184479,9.67730392892172,67.4625261056836,60.5476037376384,5.8
65,Cote d'Ivoire,1975.61299589784,3.41120966705497,20.8592747332127,120.541848741062,497.586240867528,52.5851365521025,2.52165760916909,13.1605455265388,10.067365944149,63.5499099028977,64.2842427160307,15.2
66,Cameroon,1422.39468932817,2.71967823728291,28.7658791294888,107.335363503687,756.169865440346,118.500092457978,2.6259105640324,15.3122303935017,4.25087724194413,64.813686030131,49.9626821009846,6.1
67,Cameroon,1315.50035514731,3.12208336711051,31.3293573439502,103.046144953838,780.916981477704,111.468721618724,2.63917486062783,14.5903064691648,4.62217848494323,64.552950043861,52.6963981883055,16.4
68,"Congo, Dem. Rep.",2892.12974629932,5.51972741841614,21.9053061593011,146.290618959636,707.881649387902,268.304035966312,2.63441751194603,15.5847432642617,15.8840024292795,31.9425592085573,53.4118574007467,3.6
69,"Congo, Dem. Rep.",2953.38703484574,6.16609139022503,21.6455241784858,140.438991898599,736.977947634925,255.312672997041,2.64720460231699,16.04086582377,16.9115654431928,27.8156202343484,56.2315099273857,9.7
70,"Congo, Rep.",1884.08548898955,5.7325480916244,26.2566408645834,161.854030036664,462.051229650326,133.563424242569,2.54577990909068,14.2507574229861,9.33658181563774,83.6000040979701,59.334787973733,5.5
71,"Congo, Rep.",1796.66334398072,6.47510414255271,26.772240104119,155.079807531373,478.517414931522,127.263328608243,2.55777895792708,13.8064034292605,9.73728280383553,79.5098742115041,62.8813184827258,13.5
72,Colombia,1149.74189830873,14.3162938667538,17.3986703838276,272.896382778641,756.873273344335,118.269216314163,2.68660405358522,12.1113415651084,8.62728846009601,44.9109690865656,49.8803276016694,17.6
73,Colombia,1108.47906846476,13.8973673776447,18.4537653126014,271.017215216741,716.942122794203,111.633296794388,2.69315430380529,12.4969329255634,9.00243708101328,45.4761483077132,49.5243850695226,26.6
74,Comoros,2004.79796359342,5.69012819995942,21.5574069515133,138.048351488005,661.110915477309,65.2820567490415,2.57286660112342,11.5779425588848,9.0322907857596,58.2515198013045,59.9012391830155,3.3
75,Comoros,1912.48620227143,6.39455157886316,21.8674584297919,132.945866594779,679.989206855323,61.0857094206849,2.58638773163307,11.1860896066682,9.395986730871988,55.2043786552239,63.4342810435788,12.2
76,Cabo Verde,2179.80562657676,1.75877327662172,58.9071911440993,157.20870285529,779.691862112035,162.296462093121,2.70686476123103,12.3741379393262,11.179891868074,76.6119753429331,55.9711855335823,6.9
77,Cabo Verde,2072.07053870449,1.94547855989703,58.863881781111,151.663460821001,804.051826384817,150.543546745821,2.72159690134023,11.9835760105903,11.631206172003,72.7026126618663,59.6420104107158,16.3
78,Costa Rica,2616.64226902594,13.7663122347066,23.5812375052386,301.722905346376,814.828871666362,189.263134343162,2.63655893531567,10.4577089840519,10.7252993455148,68.1428440092214,54.7611652985812,21.1
79,Costa Rica,2525.2308680197,14.2094147389356,24.096258677166,289.42157976946,779.55768631349,177.136572481868,2.64878035809128,10.4457951077234,11.2815191396014,66.2936903317513,57.0375944073782,30.4
80,Cuba,2430.42627349517,15.5664685289363,6.95144289791784,387.409545653749,533.990431108553,41.4066479084936,2.58909241423019,14.1602927149642,6.47013883237411,80.5086895258353,57.2514987352013,18.9
81,Cuba,2351.43020687664,16.0634774744718,7.08474918507241,371.712639803923,508.593731829902,38.8575092929973,2.60311843139293,14.1115022523531,6.85343626808618,78.4652388325568,59.4769638918767,30.3
82,Cyprus,2673.38757798634,7.76334992067282,11.5265541083058,251.616865010661,1769.3289524625,321.93259846878,2.74377115769963,13.6993270452308,11.8833691902908,78.4732955768025,46.1491644906494,21.9
83,Cyprus,2465.20056099761,8.08240868128127,11.8953938359969,244.476641693505,1819.08852765332,313.369309350706,2.76069212880713,13.6695102695928,12.5159558547146,73.1816660654567,49.2925361674339,21.6
84,Czechia,3095.8448737802,7.96887703298059,17.5703126279165,322.720771951639,883.316978348909,731.215788866035,2.62086705742238,12.0959706082303,13.8482724784258,53.2971781666569,43.2366140841285,26.4
85,Czechia,2777.07031614563,7.23896306303226,17.5830949776219,302.019220484657,763.630391018922,634.188876972381,2.63673091682532,11.3062465416038,14.3025618795432,49.890484865191,49.2834887027453,25.4
86,Germany,2531.01911084706,8.50067784592477,24.5766191325073,277.617471445637,1296.39881959578,208.56734237288,2.64552938153158,12.7130830867602,14.8657592284984,92.73033601728352,45.0435548289359,24.2
87,Germany,2330.82092199238,8.82001609952617,25.6261473141961,272.170545295713,1358.25710378526,203.657521606185,2.66130798815323,12.4466757549706,15.1618257202223,89.3823725722683,47.1465986664009,20.4
88,Djibouti,1789.94188151821,21.1685788428597,43.0628144551115,147.703487918519,428.950809112239,24.6081639617399,2.61180030981547,11.22384441352,10.0197355833916,88.6190468979315,57.4506034195064,8.6
89,Djibouti,1697.66731169345,21.8704426133497,43.2352349163294,140.668010972333,441.51430185162,22.6484194924938,2.62848288520914,10.9291047790612,10.49205717449,83.3799868518749,61.2646819160611,18.3
90,Dominica,2492.48787258393,10.5430440215077,15.5556334872826,182.833467344305,545.378571784635,82.2492812939433,2.49671665706667,12.7146346135981,10.677598239113,59.651286409657,56.6450144821635,19.9
91,Dominica,2412.88473989564,10.946336751057,15.9168885691707,175.463316419833,520.569166211975,77.2440794582504,2.50830384547932,12.6701558246135,11.128371477251,58.2462932101391,58.8442508465056,35.6
92,Denmark,2855.7620217585,17.3288599601937,22.1267135124275,258.87641467911,961.594473026337,311.39337145648,2.57481142014463,14.4180870903679,13.7336713329027,89.7239752975713,45.9697457187973,22.3
93,Denmark,2576.48228364366,17.8168390391767,23.3179268062422,251.342187687486,992.622353793518,308.608125919968,2.58832715397743,14.3515637045871,13.9052159792273,83.7453741406404,49.135072674421,17.0
94,Dominican Republic,2373.43402674537,8.71453133388771,18.213613833682,278.639308021799,871.612633731666,144.297158284442,2.71274193200497,10.4391708336308,10.6907502759386,70.6476828040744,54.7347004988962,21.0
95,Dominican Republic,2300.81576282413,9.19403232621826,18.4993671770362,267.338386452293,837.436110040291,136.880266443812,2.72541896443696,10.4246264077074,11.203374840975,68.7183235593017,57.0341658141014,34.1
96,Algeria,3208.59078726459,11.0031255505174,24.4337936701606,393.187871938265,813.2116727933,18.483243130013,2.58544002037939,16.929976042175,12.5784064282248,70.5798069534623,55.3235588010266,19.9
97,Algeria,2996.52832548547,11.2764291775522,24.7004261744092,385.588495905123,879.294993055984,17.75379961938,2.59802591566082,15.7886058544482,13.4375065754631,65.4724796340783,57.3232156123539,34.9
98,Ecuador,2544.57080815688,11.3289075580618,20.2475990787375,269.668314292491,806.986502271688,100.488952197535,2.63099742623511,8.68912572425302,13.0991061791696,25.6684072032974,61.3365138434703,14.9
99,Ecuador,2465.7097137659,12.0187084485062,20.6966719378517,258.672151535803,766.2745488639,94.85610651939072,2.64446650629264,8.71514561839567,13.6635270892591,24.0355093243395,63.0389431033693,24.7
100,"Egypt, Arab Rep.",3100.16519716084,10.1643603547375,38.2619409728718,271.456406834501,552.68081540382,79.8512432844439,2.59674561015882,19.9811245427561,7.63784403225031,70.6873862372932,56.4542339909562,22.7
101,"Egypt, Arab Rep.",2894.74534548838,10.4579781288182,38.8112721328472,251.081393923274,593.250584882856,77.6925157132713,2.61103198428634,18.7809844786774,8.1872436527215,65.9833656963426,58.4703428326479,41.1
102,Eritrea,1990.77604295562,9.66375344372391,28.2114082337948,151.470559267422,680.013508001695,93.64609298324308,2.59220396549322,11.5437018739365,9.0948755771462,61.946423138237,59.6997321669409,2.0
103,Eritrea,1897.48350490729,10.4511655566458,28.8459273260679,145.617781889984,708.417322103946,88.7837958630449,2.60581641803923,11.1871251282673,9.503397941171173,59.201935386596,63.1035165130987,7.6
104,Spain,2809.94976343721,7.05620037475771,16.1219778753018,281.122591711015,1961.50878915714,1091.27726898888,2.75599933251686,11.4481245906186,12.5423425069613,85.3145232309722,44.8155435476879,24.6
105,Spain,2486.44513877066,7.48489266402927,17.2217738993802,279.843552563448,2014.06051391447,1064.22043666775,2.7709982873182,11.3694242270987,12.9552965739089,79.4505312009579,47.9265240595797,22.8
106,Estonia,2476.91773160948,1.93608988971881,16.9934856641515,311.631359390599,578.893622487576,309.636109989932,2.53789003618436,13.3625266387174,13.7393813146027,78.7313605122049,45.8367575641266,20.3
107,Estonia,2224.86836275108,1.73524035552399,17.5048060844129,302.173022560112,498.15876099742,247.88702573463,2.53638951502211,12.6349088124959,13.6691845794209,73.5990956721311,49.9116435894398,21.8
108,Ethiopia,2645.75539454975,3.26647304191827,15.7686410718355,94.4503854617356,411.59090222994,0.819634668668371,2.45629131012293,19.8188521072515,6.45865696189885,67.7973960111807,63.2607235006939,1.9
109,Ethiopia,2542.26862159034,3.8939534363942,16.2534780212969,90.9281017200358,426.03541314025,0.767783161046645,2.4703384659468,19.2507680408761,6.83203718860959,57.8685506343649,68.1545619103376,6.9
110,Finland,3096.29618262973,6.49423453805603,20.2870060210252,254.695046780389,1817.64061514768,392.875929132925,2.49820885094267,11.654418833559,13.8805687686559,87.3700628313709,42.7821424871453,23.7
111,Finland,2734.76414225177,6.87162681232542,21.1236996481089,259.747965511136,1877.80170688225,386.259811083898,2.49597260780194,11.3230654523895,13.9665991844412,82.0000072547798,45.3391926014563,20.6
112,Fiji,2591.95491226965,14.2126859893576,10.9108255013292,191.087259780958,752.902123212597,310.010372740437,2.52716240490272,11.3915490250956,17.9192534635142,59.0125886068894,57.6064989233741,25.1
113,Fiji,2563.50152274265,19.0387487674898,11.3208460932139,188.326986634887,812.343050180899,305.143465709654,2.5405499001542,11.3946696212746,18.3177733000826,58.2906506340445,58.7885939823899,35.3
114,France,3618.76174232011,12.5929756540147,20.1835634366603,404.610306073687,1342.09429529855,715.672889998676,2.66767104612298,11.5675380683103,14.633466683508,112.98040770996,38.2402468041206,22.0
115,France,2206.29925394082,13.0348991159882,14.1208607818601,255.521547710988,1388.61966489653,716.133961329295,2.68285117282233,15.3767386860042,18.7551339401317,69.7524668891764,47.8487814051759,21.1
116,"Micronesia, Fed. Sts.",2737.95594949275,14.9032710916946,8.61217089941842,207.917888120663,977.1937484500592,819.03081602248,2.58758497400091,8.98579254058893,14.3007227255873,62.1358808903187,57.9307801194415,40.1
117,"Micronesia, Fed. Sts.",2708.35191066669,19.7042226350451,8.91268541192206,204.858195096651,1051.47905348872,810.467147975926,2.60386988443738,9.06046958714615,14.7228234981359,61.5254318051085,59.1556302202792,51.5
118,Gabon,2124.82403862507,2.58811457655267,46.7695345135349,165.5871569841,861.481167181847,330.216446245843,2.71553584653321,13.4412112481115,11.0716555325285,52.5744587507736,55.9440953198515,9.6
119,Gabon,2017.21241177326,2.95537545375567,46.8879747905146,157.293301933817,886.764187773606,307.335292282578,2.73237020087187,12.9005314557859,11.4872915181082,49.6471201260143,59.8954454037025,20.3
120,United Kingdom,2603.49696069602,10.8780310861189,11.0260690113151,272.294660866728,1758.82225706947,219.185190970701,2.62127069303253,14.1995528675998,11.9659156950918,69.2267226587834,55.0519233201207,26.9
121,United Kingdom,2454.72832398359,11.4599210827872,11.6728239747452,275.790626396717,1879.95353449372,214.448181832717,2.62625631783362,14.2205489418178,12.6007897917926,66.488883190581,57.4627755811316,28.6
122,Georgia,2758.88677118214,9.41082480525246,19.8122158059454,185.853118202739,656.839138774343,392.200484300056,2.53081443690619,17.4171399230084,9.106180435382893,102.311470899319,48.891014943601,19.2
123,Georgia,2470.54891845131,8.58644029187226,19.8876273998657,174.27105291226,571.150532747827,343.393529825663,2.55006110073129,16.5512258412392,9.482017372231628,95.524451690663,54.5487429383489,23.8
124,Ghana,2423.42199509407,7.05334354123233,26.9295697133885,95.7053417345303,420.630989556621,161.017368624515,2.61091677247574,8.2757407131274,7.15927433424531,66.1379555027031,67.2959267031925,4.5
125,Ghana,2457.18834520386,7.98305572807161,27.8035865519706,85.9510465135927,450.762074844283,152.176648976847,2.62508865970687,7.47356889962636,7.11634345980797,64.8962339459644,70.5929361326834,16.6
126,Guinea,1764.90559216442,0.338081082098833,19.853073681592,165.173339320286,642.459133354789,67.3593918484396,2.57063759235235,12.1142041783144,9.212476763607167,52.6152236543214,61.3030210003308,3.7
127,Guinea,1685.94489942305,0.38500165411005,20.5687061618575,160.273441122938,668.433813976385,63.9583901527068,2.58505557585743,11.8602710859888,9.67075366661316,50.8516611221676,64.4130168044755,11.5
128,"Gambia, The",1748.6602727254,6.488529786942,19.2184435926449,101.303293861619,914.69305073136,320.980781983138,2.70662976348682,9.8503167646875,9.341938831520872,27.7116598021401,59.4475981382447,5.6
129,"Gambia, The",1674.33756348706,7.04127163754432,19.6374298389139,97.6106105340402,942.404382964965,306.036108007045,2.72340586764567,9.51338519366376,9.718273675434252,26.378403093888,62.9884236306034,14.8
130,Guinea-Bissau,2016.62399677138,4.23432228183484,11.0500071038682,133.740003544107,768.991598744557,16.3482135488945,2.63227663126287,9.970487213170832,11.0096418195188,31.7263908818996,58.6602142016203,5.0
131,Guinea-Bissau,1938.09224664866,4.78513303299705,11.3966875353019,129.56096996152,807.395925077591,15.6512563791594,2.64485107111798,9.683608598515812,11.4226729445031,30.3604227689566,62.1112904440082,13.7
132,Equatorial Guinea,2051.36601631978,2.79489859663043,29.1476268477984,152.879499336124,785.429215054088,234.268001160237,2.68614642601293,11.7630539056211,9.96414165812287,60.0405923679762,57.2847264973038,3.8
133,Equatorial Guinea,1916.54643703993,3.34160029793719,28.8822162192288,143.253126719881,790.364917188644,213.399265741929,2.702142011325,11.3639220599964,10.4087276722832,55.2728082509376,61.5955130339144,12.6
134,Greece,1789.73374547092,7.74421335831687,30.5405518499573,181.513382804925,1523.53988794307,487.281264095786,2.73871507992741,12.855212984944,14.1901936988277,96.4325710151377,45.8663366593048,24.2
135,Greece,1552.61900868777,8.07732158076692,31.3031509139659,179.872234900207,1577.71810292789,477.312736027284,2.77059701384726,12.8064953352624,14.8511491494492,90.0377006976574,49.0574485807778,25.4
136,Grenada,2227.38784322358,6.86604361455604,20.3877322573147,193.496753645792,698.868864591962,330.196166799557,2.63729483743118,7.23687595217324,11.3565878237808,57.7844089704018,54.9761198251676,13.3
137,Grenada,2142.95966530961,7.24627282540235,20.7557285390701,185.484443724091,661.868069129547,311.605700496992,2.65051672208196,7.27857708784902,11.9025053360258,56.3061959657102,57.2589788855806,29.0
138,Guatemala,2385.99807959354,31.9292397010393,23.0532853848405,225.674708042846,1018.45617168262,12.2184930455715,2.73789253197379,7.65109173969919,4.89712249836921,48.6284189256182,67.3676831911326,15.1
139,Guatemala,2825.94789722704,30.7701246378949,25.9437067373974,223.850914160821,974.437965873608,11.408029467946,2.69618053759895,8.47627884426389,5.27399978760488,53.5367864540065,69.6127440044974,26.4
140,Guyana,2264.92216671477,12.9597673301954,8.78849264348981,232.314808609182,390.681870215441,62.983904172789,2.38632058959466,15.5470187455864,9.30551183684987,76.3476005962179,58.5256358389318,12.7
141,Guyana,2190.63296790086,13.5539086699315,9.00128832148969,223.435748418276,371.842009732468,59.327333851397,2.3975865659573,15.51750805011,9.75214250024724,74.3846481238271,60.73118989303,27.1
142,Honduras,2380.6749261296,20.0413891224446,17.7983546803541,242.197683255567,602.368344320827,39.0465176172788,2.53572435874632,10.6056932359454,9.52339814968986,58.3685287452078,57.8581968505111,15.6
143,Honduras,2303.96584092116,20.5348140374742,18.2312380833085,231.281153690759,575.228419666482,36.6817833528775,2.5479754419297,10.6154998166134,9.98689617111538,56.9131440884031,60.018444199225,26.9
144,Croatia,3190.14291291878,12.7551672704409,36.4717360546949,429.041407478833,831.2105270801,1104.72156393032,2.58110469936718,13.7695705015308,13.2486606112756,93.2024666525754,45.3878105969904,24.1
145,Croatia,2862.30843646595,11.7930916388812,36.3171877010151,400.702712432937,720.254908381703,905.882758209211,2.5948905923648,12.9530010795667,13.6767386649334,86.8751307671832,51.3145396559232,24.5
146,Haiti,2044.09893733826,1.24399274799112,8.33072109771298,179.582363992505,835.761540269634,46.16201707222,2.59703679634536,15.9339097892218,6.67964469985222,69.7288883614697,57.8306099703912,17.9
147,Haiti,1974.83802644605,1.37338265480021,8.51413274988648,172.025689994297,793.990463014782,44.212038156442,2.61120131455098,15.9705795697235,7.03514350373819,68.077093577251,59.9561115937468,26.9
148,Hungary,3967.7898559515,9.92604212503043,9.61326322455152,305.789083983371,448.895801048749,342.727066657086,2.91867978142017,11.4723297353762,14.3683112514131,61.4782535562532,42.9161936643792,28.2
149,Hungary,3394.81379329922,9.00839609481403,10.090762803602,287.177153146607,414.528442817292,277.822135001029,2.94906927532509,10.7212379874389,14.0731479766723,57.2432768565455,48.8305371016426,24.6
150,Indonesia,928.582914948919,8.71682240245969,11.0540372481121,221.374732621795,230.885579273548,1716.55200792631,2.6041520852,10.0081855084375,16.7582445221351,69.5119502523682,59.6974348305307,4.8
151,Indonesia,961.174212837002,13.4562601874511,11.4183591696672,214.183458494051,240.223168307304,1696.56848278189,2.63072962562834,10.8992849056443,17.7886150195509,75.1073836387756,58.2579341912781,8.9
152,India,2739.79586650958,21.7016060268949,32.1447429627178,75.3147992741392,488.253246299678,45.9393639501509,2.75617692156546,6.73532934014999,5.85874669424937,45.4308301030548,62.7688374606015,2.7
153,India,2909.30098200117,25.9493704947496,25.899307625121,73.6163121467689,488.391546677949,44.4272813110737,2.7717746600752,6.53631543872882,6.13333899071537,45.25273434603,65.8203795246529,5.1
154,Ireland,2478.0513215411,12.6398616155965,12.6662151522122,232.961950030905,977.483375602024,151.312054795292,2.58266830290023,13.4424915148195,14.1728773174426,70.9443631713524,45.8107489029891,25.1
155,Ireland,2346.90816923448,13.1435224983124,12.7392739222076,227.142017217302,1009.764802042,147.200391015515,2.59874114137672,13.4214961286839,16.0237724442363,66.4103524676558,48.9869227584696,25.5
156,"Iran, Islamic Rep.",2647.59589558422,11.5281999650853,24.1130943453459,172.592475161038,915.437605045664,346.008477150487,2.82665523278706,9.57913998136512,10.0287630132335,68.4261216803265,59.258293740292,19.3
157,"Iran, Islamic Rep.",2743.12243289933,11.8946863492286,25.4739703677428,159.644582193747,1025.30452606359,334.352180664689,2.83782906399031,9.88263813929762,10.5130648165284,67.7082218147248,58.6159756470858,32.2
158,Iraq,2816.61691891527,4.06729404638692,14.9388237572196,257.544246165005,817.227796637703,14.9861252939721,2.73675115184753,16.7662210174072,9.43303678304355,87.3358306192153,54.7191014184601,23.4
159,Iraq,2628.69473897474,4.17667437544848,14.9735536446304,239.008869310945,879.050146153338,14.4219557262927,2.75194015751164,15.597864028877,9.99399626065742,81.3621368271016,56.7498160854327,37.0
160,Iceland,2558.98851606668,29.5126223121063,14.0247668996355,318.133608776406,1425.82819215444,1013.14999346695,2.47819313038266,15.6831226095603,16.3955180306004,94.06661924896072,46.3454148915506,24.2
161,Iceland,2436.58286229974,29.5539780131331,15.3230773999355,301.469326386093,1444.06870105354,977.178449994212,2.46833933956802,15.6315755911186,16.217346314321,87.6960224760993,49.5204536377645,19.4
162,Israel,3185.04529777508,11.8967520035343,10.0530670584673,319.014296357759,1607.79674469918,97.093851405863,2.65117803944709,18.2410975255968,7.93852650953258,70.0373205982658,49.7866660167425,25.9
163,Israel,2990.86610843663,12.0118291644535,10.242304406182,303.354193439099,1770.29259073525,94.1298226634608,2.68422224799038,12.8230937984973,8.91952475593527,64.0891689844228,53.7292840802468,26.2
164,Italy,2703.62639044383,4.95706252527784,19.4680974181497,294.243086028043,343.074370313265,700.228520892642,2.45756589710291,12.8223898673605,10.5958756120125,96.5438227896524,39.9236554013215,20.1
165,Italy,2207.33624395939,5.2067305061596,17.3904703097322,261.160581898001,326.609573029914,686.795604866107,2.53653030151073,17.134526877888,12.4739164870816,76.15002358033,47.7152294912823,19.5
166,Jamaica,2375.10928926723,14.9040533468667,14.3725881524335,277.619197252354,718.05396617034,56.6981140040621,2.85357684870149,9.58186991834933,5.36823281478726,96.44325457556272,54.9753877307797,15.3
167,Jamaica,2297.8977681212,15.4420552868363,14.905284565402,243.836105065149,684.736555155459,53.2629666784031,2.85492680144176,9.620602562046027,5.95137108902643,92.4825814844927,57.8753340754742,33.4
168,Jordan,4251.81738210349,25.3220378771365,53.2519811198902,395.513881367075,1152.33481563891,17.3387732449829,2.65323827273683,6.86386279647985,8.13531753986172,83.9773956207421,60.8867042998791,28.2
169,Jordan,4249.64742920579,25.8148941758977,53.7625823118803,355.298196747857,1226.40240910012,16.7386731868159,2.66620943256141,6.07554832424363,8.6991611655652,76.4783373523271,62.9977160020914,43.1
170,Japan,3571.51254567218,2.40518540367466,10.8050594266694,333.79598266185,1361.85461818252,636.486098071307,2.62043380592465,10.3051729877465,8.07197957941376,66.3091842234461,47.8671544784745,4.8
171,Japan,3767.66458314759,4.29189691671175,13.2470202229243,356.878965056,1563.96765533892,635.07332630425,2.66152850805011,11.5369850431338,8.68164831010202,70.2368124374887,48.7577213714351,3.7
172,Kazakhstan,3038.17404187777,4.92636212431004,28.49510208758,310.547417636941,973.106838155962,219.045027508802,2.61299539067715,14.9333391463381,12.4402236737633,88.4364126029155,45.4268049459944,18.9
173,Kazakhstan,2751.0974793514,4.47178856809597,28.5877524998291,291.910456410854,854.414266678925,196.756641885732,2.63477923022078,14.1194880379859,12.8721618928142,83.040016211749,51.3631286611831,22.7
174,Kenya,942.767527092054,2.96396144148115,22.6799409106884,129.00349615077,497.071675833669,16.8386863839698,2.51186005061349,13.7221466785707,9.9027642635744,54.6168800878128,60.6022894813068,2.8
175,Kenya,840.114007153106,3.31453830492373,23.9665502033844,123.98545513446,515.755993694945,15.5127859664583,2.52741428241765,13.2377052523413,10.3345873714195,49.3830577529941,66.9790146611043,11.1
176,Kyrgyz Republic,2879.72752379411,15.4377751195181,8.39180385405608,225.504335800045,617.924359276009,16.5362978723364,2.48458634573676,22.5117609766766,10.2819658049906,74.6184184049194,48.5989330523294,14.0
177,Kyrgyz Republic,2604.58773914704,14.0948984527389,8.40211398612981,213.406558240755,542.612264471655,14.217636667581,2.50608731034889,21.3743688390251,10.6976286629753,70.1978163825607,54.4314124339684,18.6
178,Cambodia,2759.29301109621,19.5262064927297,5.43994581927498,138.270690527329,1004.72973350825,526.600128657483,2.60198945015032,8.28557870170046,13.2262720633689,65.9795870682599,59.1018230062832,2.7
179,Cambodia,2768.17696389741,24.7826462861814,5.74463227288503,135.614817119015,1101.34667583144,539.454976973422,2.61557507931633,8.23725701091514,13.5162302666392,65.4975582154932,60.3921945839217,4.8
180,Kiribati,2676.12471371223,16.3134439083876,8.93133395964096,213.244009097183,1009.76778889499,932.729809468587,2.60867180921216,8.80516018716027,13.5793084407645,63.5465818559122,57.2261498538642,41.6
181,Kiribati,2693.52878371335,21.1414494648548,9.38892359113663,210.829695435707,1106.06643811918,960.548130128466,2.62355095518426,8.73423036810664,13.8890982631566,63.3663354861325,58.5552989180393,50.4
182,"Korea, Rep.",4246.69560901154,16.0890393479114,10.8794587774212,223.282544872061,1414.22459127112,2511.9796531393,2.42065883203749,6.45527193677482,6.58646174130824,72.0942051756123,59.9975306650173,4.4
183,"Korea, Rep.",4230.72794340122,21.0326998601463,11.7734111635983,244.490431765781,1591.13165408997,2468.06077657372,2.47876552267451,6.471085318871,6.69922589787014,71.7658001156113,64.3900692543848,4.8
184,Kuwait,3073.03906714755,10.6639622183474,28.6535019707877,263.360049605799,1341.25601608514,94.6689959431298,2.61535774353751,11.5196213351664,11.2450921100816,59.5011668493081,52.2008464507322,33.3
185,Kuwait,2918.27037120856,11.7342126062742,27.5556895537303,240.508312858143,1392.03091617145,88.8261253974085,2.62520416144307,10.5417757866896,11.8226920722796,53.2251907566312,54.4633815929646,45.6
186,Lao PDR,5419.88969130079,4.52159545403792,8.73535240669386,211.421062705596,809.42471846969,168.845670452096,2.53013035063062,7.16344828915194,10.6977602611853,93.1864230980138,68.8893580370375,3.7
187,Lao PDR,5895.38657910723,9.26035109799891,9.99027043859334,208.213165454165,876.154255936527,166.191923301251,2.54327328716384,7.18230965194049,11.0908772809333,91.6026906124872,69.79412487752,6.7
188,Lebanon,4365.28573313395,11.7242035936807,36.5049944320112,406.180137152595,1672.77422490138,0.736705924274509,2.97554132969775,23.8752177542877,10.2903441977698,156.561249201749,41.3517042392828,27.4
189,Lebanon,2677.3610546854,11.5423853920222,25.7862503924744,232.561597281152,1791.95356924482,0.707640764461846,3.11340607627229,20.8518196164745,12.1836471316267,102.883152913975,44.8374146183597,37.0
190,Liberia,2175.86441013288,5.31430061166765,20.5710716506459,135.199152848448,726.633346310225,32.2139245733943,2.67071786893626,10.5859556444548,11.6343525961703,61.0949870377515,57.6686639197309,5.5
191,Liberia,2083.18985870694,6.21594091835691,21.1231446968879,129.918084006729,752.320600182165,30.5420099138343,2.68777507399444,10.2523473476292,12.0773895645623,58.1860654524406,61.2909587164582,14.2
192,Libya,3248.54028346692,10.5344809786639,28.8900789175134,266.339340980137,604.936836562738,20.5261888533452,2.55993760700814,13.7805857406291,12.7713655649567,56.3402549118661,53.5447136880103,25.0
193,Libya,3033.08877094146,10.8156739790751,28.7732849199684,247.370499086535,646.202746177524,19.8261314792391,2.57375436094859,12.8410897183038,13.5053438202725,52.450110257229,55.5921703723765,39.6
194,St. Lucia,2357.2077722052,11.3297666047247,15.4996330339166,226.394324440067,432.684995583908,83.553284870763,2.46001195076274,7.72529803833253,9.72906622900594,50.4109584937178,56.7895307962075,12.0
195,St. Lucia,2280.32193812696,11.8245739443411,15.833460807433,217.542827733636,411.045738596329,79.4244417173646,2.4713239609119,7.6993315443406,10.2388473394493,49.1129217617566,59.021164210779,27.0
196,Sri Lanka,2590.98711819768,12.6699628948707,11.3961175734653,83.5062284114454,304.368683958671,95.6626864278928,2.33546155645992,11.5467336045072,9.2774303301271,57.3940227272126,67.4728716176419,2.9
197,Sri Lanka,2534.53103427018,17.001111364096,11.5945969251003,79.9346753372741,306.525358090453,95.6488071519644,2.34295363781399,11.2593434366387,9.61046686437526,58.2636679867331,69.8756239438147,7.3
198,Lesotho,2238.0339903934,16.2735314087975,40.602478971891,153.624289219511,607.344296499131,5.88596023009209,2.62497343234761,10.5663815677825,11.3913989005193,56.6632969562436,57.7830396885322,4.6
199,Lesotho,2127.01622150472,16.8863031305356,41.1667788057514,148.430798952786,634.259417649097,5.37922336151724,2.63652207008239,10.2481033178108,11.8802693228202,53.8956101233851,61.2628214240876,26.7
200,Lithuania,3125.50152768368,14.7814141591863,17.6604761554749,356.02198081485,613.516423679213,600.59413879163,2.52138244093921,15.4823883099233,13.7020157214595,97.94939576262432,43.9215135396517,24.2
201,Lithuania,2742.90077289882,13.5684541355531,17.3595466114706,332.143659419136,525.904834216387,487.414529671491,2.5352740310059,14.4437643971128,14.0238196605936,90.7773338582562,49.8163356229239,27.8
202,Luxembourg,2965.77162690199,13.7684024264687,37.8877238615827,272.945911697011,783.887525012127,200.067445266406,2.5929158247698,13.2898337825962,11.9932853953971,96.3880648311006,46.7726638899299,24.5
203,Luxembourg,2730.80525069118,14.2658105247609,38.8624132722562,265.046053719936,808.898724117016,193.54005563664,2.60570488028927,13.2498777669796,12.6299394231839,89.6301918008514,49.9608841479572,20.7
204,Latvia,3264.81445410471,13.5090179361566,33.1867166238826,359.532278566664,874.66896140722,1052.93007422857,2.59984245674828,13.189630133336,14.6605870113577,83.4619791752406,44.034294799144,21.6
205,Latvia,2901.09964856942,12.316386320342,33.1338394495248,333.488356379483,751.163543320422,843.190460447395,2.61581931181772,12.3113969680447,15.0556216582079,77.4616648951204,49.9316586328952,25.1
206,Morocco,2621.98080713729,13.2465971593434,43.6477017419859,214.25478325733,767.750239932773,75.2499600941841,2.47184785759514,14.5833175548441,7.64454401234612,70.1606734210328,55.0922956886307,19.4
207,Morocco,2382.30140304113,13.3299560218863,43.6716036912235,195.888296434732,830.091057937649,73.0294977538723,2.4835916758478,13.8586398532771,8.29347057679244,64.2407486063788,56.5484585022153,32.2
208,Moldova,2887.32937338457,1.0779259774845,12.8846405984003,323.072717991806,890.470427331745,661.500062953146,2.61693992883542,19.6323435321723,11.027530952836,48.6570914235699,46.8665474591037,16.2
209,Moldova,2600.90680823481,0.958754286321817,12.8994341211479,302.682565284426,778.247318392021,585.581635401392,2.63552707768757,18.5812449512402,11.4132965569765,45.5161164045188,52.6193183351625,21.1
210,Madagascar,1834.85088551135,0.874734185854737,5.45530114747569,133.275390844369,266.508361439096,17.2884213064035,2.40922237983298,4.62562026359638,6.40479347727098,26.6352359238037,63.3734470140862,3.0
211,Madagascar,1744.95303344703,1.11694605756685,5.60024118395897,128.180040523596,277.059584299554,16.4854023827795,2.42429570469619,4.50508028798846,6.73970740843159,25.3145838829796,66.7318194100346,7.5
212,Maldives,3292.22157167577,8.40687434709815,63.3007988960776,250.659860903819,737.165951604693,1046.70742327711,2.52343012155364,7.44294870841803,6.50246068692797,95.1829311100761,66.1947315147985,5.8
213,Maldives,3089.36321289164,11.2197311926993,60.8495192241816,229.882629471111,726.122866589612,980.618306619567,2.53004746139406,7.34293607344005,7.01624741352425,90.52305793238112,68.6399938960704,11.4
214,Mexico,2391.74691280224,15.551552900657,9.49840627489166,267.009428254681,353.456995733367,48.6578689274439,2.35000245843172,10.0933923651422,10.5689201200037,67.9454703179478,56.6528250088397,24.3
215,Mexico,2476.46543383158,15.9585059959637,9.8857864300707,262.130425774044,355.711314965968,45.9585119027391,2.36719312738565,10.4669710997487,10.9571936546311,69.1544413476781,56.7337228846552,32.8
216,Marshall Islands,2737.79564316184,10.6153591182168,12.167581604261,213.112069560929,964.806059321598,684.749077429672,2.59333922031448,9.05824890098118,14.250769943255,76.0794177543169,57.5664294797226,48.4
217,Marshall Islands,2731.11679075472,15.0850788106054,12.5817806646661,210.135211501385,1046.95838118455,681.651808918071,2.6067410832596,9.056914533543,14.6652268521699,75.0981390067684,58.7950471481141,57.3
218,North Macedonia,2982.98582822756,23.7311392943485,35.5108592235341,250.55452889256,1092.88696687158,506.672299612961,2.64790716818472,13.728427954044,11.3512482721202,91.85762962179608,46.3355361685283,22.6
219,North Macedonia,2686.57587198367,22.2867091521213,35.42031162643,235.835724673783,960.542033018063,441.853146708127,2.66571026912898,12.9504866567589,11.7806836675073,85.7496490404914,52.2945600851206,22.1
220,Mali,1974.19145502058,0.451695487444937,48.4769337092123,137.538790068298,675.969241268897,66.1440356753434,2.62877844235294,13.6451920925189,8.66016198781547,65.3302158985339,60.7874411184844,4.6
221,Mali,1883.32955051302,0.535919580889328,49.1884591325673,132.375438420114,700.321049526354,62.3030646554732,2.64510122056703,13.2828013102194,9.09919112846617,62.3112803482341,64.2649080024039,12.4
222,Malta,2843.56514205386,19.1969714388093,22.6244243915825,232.973954491756,1044.07145701705,392.244949594088,2.61017755617116,12.6724626922735,13.1310101639905,87.017795110338,47.7538440807073,29.2
223,Malta,2301.79707355176,19.6710937136993,24.1561864933172,221.58359133688,1071.39470216649,382.656774136529,2.62631036442658,11.8924914702045,13.9992825722836,81.9291228155813,50.8108054816489,28.5
224,Myanmar,2843.3531222194,5.30704565363398,17.9339214236143,307.622448843098,1091.80527887829,750.863459417206,2.6021843673413,8.1594680224975,13.0871851524686,75.5055796023156,59.1846393215339,4.0
225,Myanmar,2842.47581688835,9.19891488527388,18.7933258540304,302.433889229635,1183.49574960233,762.103635781495,2.61642098747797,8.12219245623491,13.3884200997339,74.8581945660593,60.4939140105602,7.3
226,Montenegro,3318.65143159653,21.1846858255917,60.4990808746851,452.828523094936,791.415839615487,474.587681293712,2.5693032391069,9.47778460031688,12.4611821656958,132.850897977281,45.9310834666272,23.3
227,Montenegro,2999.53229288969,19.6843957601837,60.2331141658941,425.356200589431,686.190673174805,407.982140949107,2.5880027776002,8.93400358373241,12.9001670376916,124.144316988757,51.8362380993941,23.1
228,Mongolia,3975.83438641454,3.19175173891787,22.6161338770638,330.424613765818,582.675240839628,17.9221993032087,2.52376278636928,16.6205491120635,13.1781636272959,89.4607828295106,46.1060772699656,17.5
229,Mongolia,3679.33409003786,2.79039704473314,22.6600484315025,312.347464159521,515.036946295674,15.3504088526114,2.54429848950059,15.736687331736,13.5882121591029,83.8428234060509,51.9807398670218,23.2
230,Mozambique,1579.78560450752,9.74380516703605,31.3013997430379,103.853616157716,690.4597148296,72.6599879407609,2.56637300676006,5.13824602124929,7.31506505322881,50.8532672051194,60.5016532135121,3.3
231,Mozambique,1444.51077015736,10.581975518999,32.3582846998562,100.066561261242,720.506842982511,68.2055028599548,2.5772941064244,4.64425143622242,7.5359365815563,45.5308834437786,62.7194526146962,10.5
232,Mauritania,1939.13569236371,14.9276208629331,49.4720922554094,148.243601031502,501.403306766684,91.09547990005852,2.62569371358295,12.5053162123964,11.6262325819381,56.6464429161739,58.5441091158918,6.6
233,Mauritania,1854.99447684298,15.7090152473679,49.79620825614,142.834913692329,518.754277255448,84.3999197041394,2.63856580834868,12.1228533832053,12.1434034985716,53.9241695415263,62.1320108430785,18.5
234,Mauritius,1982.22453391918,14.1067130748394,54.5583706086209,174.750929969633,1370.09853320945,712.000179904985,2.77675818688227,11.3507850584151,9.411106264581488,79.4812627201159,55.5801487977396,5.6
235,Mauritius,1880.80689313966,14.7648967563195,55.0135060783389,168.170948257921,1412.50205820114,674.631082357308,2.78932391509855,11.017347203236,9.837248905111768,75.6056931372311,59.2111313401298,15.7
236,Malawi,1203.53014182296,0.463250677749266,17.6895918233881,221.196970514639,703.802376316669,97.5293613737755,2.5610705728481,18.5372821027718,5.60311411270816,66.1262730331487,62.4769469517344,2.2
237,Malawi,1111.4583796575,0.551941920160248,18.2867575679538,212.581654693592,724.981086696862,90.701440934564,2.57632265852219,18.0078765346682,5.90227093937018,63.1212258536385,65.7270278693672,9.1
238,Malaysia,2936.98878484269,5.08413292758408,24.1930414334817,265.726731397534,2528.43575807988,608.534478862576,2.56646847395434,11.2707336525582,13.0972405170673,63.6234256290901,55.4209463177595,13.0
239,Malaysia,2859.36761817553,8.66260174771725,18.9186820494454,252.053641120534,2827.80574722797,598.069072166904,2.5280008237147,10.8869852849507,11.4304122866236,65.2747446378668,55.8049224293379,17.9
240,Namibia,1998.04199088192,9.22051004843531,36.6938760173758,129.823572198635,532.796816246097,101.300125940055,2.59552033461567,13.7113676630071,8.08123238758029,60.5412461904506,56.103042802478,7.5
241,Namibia,1900.94765463125,9.78192361020575,37.5506749089856,125.652220563717,554.679229611249,94.8319336377166,2.6096291447952,13.307972513353,8.49388324858257,57.9142136895831,59.6009975121756,25.4
242,Niger,1930.55040170824,2.62686908112287e-67,28.1310937639486,82.5770560455834,944.510534930414,23.3294412427956,2.63417085042437,13.3951537522866,8.54709250834468,65.0245588745761,61.0947930893122,2.5
243,Niger,1850.84544898583,2.97202176533369e-66,28.791897751165,79.4526756048973,977.152086376227,22.4764916298036,2.64669179102124,12.9235780365654,8.93178136668317,61.7011819122183,64.6066551096535,8.7
244,Nigeria,2036.08789039316,1.28552651021533,17.0394878776349,115.306695300965,617.662987026626,78.0793306999988,2.5704958510628,12.1690859623337,9.24283381881277,47.9872459695365,60.2183519442755,4.6
245,Nigeria,1944.33526155043,1.52185427129503,17.3582571007852,110.288152532651,638.572575280032,72.3923791880765,2.58221128972411,11.8132224482409,9.640401019597228,45.5435174078452,63.7125126798652,13.1
246,Nicaragua,2426.17619189538,14.616845746566,10.8398064110415,200.226801073054,793.018415448309,33.8897392405652,2.58806218279015,12.0285537228313,7.78496484517124,64.9135403337715,58.3259317941938,17.9
247,Nicaragua,2355.60366104164,15.0519754682389,11.0959889232842,191.960375067895,756.550704761543,31.9195067344871,2.60134429631318,11.9992321261017,8.15337055222433,63.3706471483876,60.5078297207953,29.0
248,Netherlands,2139.3181279588,5.71085829806788,12.9611185661809,172.45826314805,1277.38252081766,91.67416389355688,2.71475612067487,11.9933460926351,13.4531408382718,100.05369937598,45.594924764656,20.8
249,Netherlands,1852.86262386991,6.01866735372035,12.884444991909,183.033956593082,1258.258340943,89.6901459885607,2.69224507357912,11.965338161988,13.5598817416601,98.7192532118621,46.0308875244755,20.0
250,Norway,2762.22346587306,11.881023574575,16.1722037514285,253.067540368212,1267.42048977443,856.129622711514,2.62351858993183,13.0284980915418,13.3731877292051,100.658586536303,46.2362060554959,23.6
251,Norway,2550.25068803574,12.4258890731198,17.6482921278939,254.679036723486,1236.6753147177,826.923390955361,2.60673375560669,12.9724311904103,13.7291041706393,93.989477932875,49.5039583097375,22.5
252,Nepal,3066.86665236537,3.39234207982442,47.36251852523,91.4080036323432,824.621382477251,52.6130191344598,2.32855691758725,4.00580796202866,2.8290370233506,49.2959983430533,75.8184473604268,2.7
253,Nepal,3051.85979863216,5.89429034079151,50.4034573603872,81.7394611414832,849.191391588984,52.6611454517966,2.32334632255451,3.8837047869207,2.74855825786416,49.3444439767693,79.0692620475456,5.4
254,New Zealand,2146.77810506508,14.5913298072233,16.4153158785771,196.432195259906,963.462211923996,277.714809539262,2.62580807736017,15.2720433119424,14.304186426818,113.286554593488,45.6590801213174,30.1
255,New Zealand,2178.70183884856,15.1725527121675,20.0102644023673,254.965463334828,997.492783362903,274.901424261834,2.71818291848111,15.1169982430704,17.3514475670481,105.922951968516,48.8173606015265,31.4
256,Oman,3473.83758967575,10.3348477517393,32.4223185636965,314.620974999251,977.082502264337,113.027026445415,2.72289203767504,14.6067246759539,10.3639195184777,83.4475733865663,53.4010147874993,22.9
257,Oman,3170.43122231222,11.8944549652494,30.1816002596329,284.765335013766,973.324941858531,106.533664110913,2.73431377662223,13.0802867360394,10.7971898506945,72.1692936800702,55.7446152855927,33.7
258,Pakistan,3059.26293049344,12.898254045304,15.5652833408555,156.613895248162,651.161878274213,24.479163161369,2.58289271835208,6.13776762073639,8.99863035387216,40.9492549640296,66.5127173818672,6.0
259,Pakistan,2986.52064648684,16.8614225161078,16.9399614241169,158.657874341609,655.981210566755,23.3498466342464,2.59151293188374,5.94384670019525,9.30351342978825,41.8058744059277,69.0867127675101,11.3
260,Panama,2416.50570268515,14.7113080786587,16.1818357198192,294.579286071042,968.257351621384,193.988139703789,2.67868258449277,12.2744364194272,8.3982843494664,75.3818555882974,55.1090755144659,17.8
261,Panama,2333.51037903489,15.4063016565167,16.5305026274279,282.733584962431,922.627594372659,181.931911734586,2.69036735788729,12.2424392186253,8.84382217297506,73.6096295675801,57.3732946920242,27.6
262,Peru,2383.48119447378,7.51408093449019,10.9084577298316,256.141196644867,586.728192764275,161.245393669283,2.56961833394444,15.4502114265142,7.10996693788011,79.9891948613047,57.0560791634462,15.2
263,Peru,2300.12687187605,8.09596244055732,11.1365363848587,245.72886106629,559.602960999126,152.256499363715,2.58319614285284,15.3827674264667,7.53582115395689,77.863527781208,59.2994733191377,24.2
264,Philippines,2423.04779481831,8.00831917113292,7.80716803021618,225.866735510986,467.483643269389,532.041629566181,2.40402214155224,12.6573102268581,21.8979123971393,73.57992003434,63.8250614598153,5.2
265,Philippines,2402.46593417496,11.8926459207286,7.93427524331149,254.168385330556,505.737367834701,527.740139520023,2.41628279307566,12.6304837922571,23.9213507602673,73.0626704164454,63.9488779828554,7.5
266,Papua New Guinea,2664.15290268835,9.89181130580285e-70,3.43422741617909,410.32665076223,756.947766429293,1.60981430305551,2.58699907982938,8.81685799969217,14.1937314976191,66.5128163996679,58.878613996615,16.6
267,Papua New Guinea,2658.68899464832,1.54518956328588e-66,3.55151445801787,404.85193215388,823.338520893956,1.58941816028947,2.60345237364392,8.85671971189068,14.6538084536572,65.7511437533714,60.0166379744392,25.8
268,Poland,3814.45392909879,9.95421785438128,16.5381290848093,378.631267940335,2159.8737811335,32.4744669879211,2.51362097539229,21.2846488138391,12.7073057265077,95.8116586794891,45.457864843248,23.7
269,Poland,2479.23280844749,7.52032874934914,13.0573636638427,282.062042383895,1338.45869752905,25.9785591901203,2.56177911333056,16.3006591103954,13.7190288271415,66.4376010904634,54.9299531197892,22.2
270,Portugal,3084.35336157981,5.27787907873339,16.2792724296536,274.403925393378,1335.00217028042,952.753164580703,2.6592743642577,12.03026229376,9.64015682833212,87.3612269426722,46.7062006593051,20.3
271,Portugal,3113.0836749152,5.55402365192674,17.0860409691375,275.2076412361,1387.90563073642,939.385200133883,2.67330306003751,11.6929709732089,9.639268587741332,88.7672277675236,48.7974603069987,21.2
272,Paraguay,2408.10320980868,8.30003663111274,11.0744594404042,436.614907555085,1500.1697138073,89.6864226878879,2.76738909051418,9.580656879037107,9.3064478634865,79.4054492689849,54.6065229566896,17.1
273,Paraguay,2332.77039519408,8.91759321186917,11.3367258270823,418.448985554132,1440.67814541603,83.4180128166528,2.78212769503693,9.58806014056506,9.784974611101372,77.3104144295598,56.862785461002,23.4
274,Qatar,3635.70294366881,8.59735417905079,19.6616492300289,274.665518874389,1109.75533235757,46.6502996173623,2.71281106454363,14.9124619218205,10.4991155094098,86.3071264961787,53.175184935907,32.5
275,Qatar,3310.649419922,10.1878736441766,18.163129582646,248.843856250673,1114.07561759835,44.9116522336719,2.7271654429448,13.3914871838122,11.0285542533001,74.0012149496587,55.5459955340412,43.1
276,Romania,3880.9931721675,6.90727333982849,21.9252467745331,351.937880672289,310.566254018186,777.196276485893,2.20812077936307,15.1795790452187,11.6291988603775,82.3142061768668,36.9875395541044,23.4
277,Romania,3633.57681820281,6.24633387125249,21.2591271303983,341.828187401901,285.342285428749,638.198227194097,2.24206689162598,15.0529502035914,11.4413076795263,78.2219732017901,46.0552371203718,21.6
278,Russian Federation,2773.43182429202,15.4486836885799,22.2801150586505,361.453808776608,701.506873336483,910.209198055749,2.57277914630862,15.9641568971649,11.4673344120762,79.2055468102395,45.9340246267396,18.1
279,Russian Federation,2379.97638677931,14.2036891990503,22.2928849493014,336.55050843464,609.455710861602,759.796068052805,2.58975036264527,14.9971308430388,11.8324764016043,73.6808130622258,51.7560662523306,26.9
280,Rwanda,1879.0213120928,32.4930421456069,11.4650415213755,106.001624809958,335.934712944235,17.7464495240491,2.4177117349771,23.8524832109717,6.30467467584917,66.9909614925083,62.2758770827025,1.9
281,Rwanda,1790.13360513317,32.5308599701521,11.7845996286232,102.540801233827,347.144551946411,16.5703470103254,2.430740007632,23.082537682624,6.63966972034065,63.9981738560102,65.6753380806865,9.3
282,Saudi Arabia,3150.56962949521,10.6058116647116,35.2457448631822,257.853505524177,936.602901436225,52.4723742851642,2.70126163084729,14.9964243964134,11.4243604829418,90.46480077521892,53.216430046692,30.8
283,Saudi Arabia,3041.35406329899,11.8766109373344,33.3395380356625,238.507840938538,970.972457530274,49.6352990225824,2.71370732046167,13.7472012111187,11.9944798551293,84.4055875566132,55.4762214593386,42.3
284,Senegal,1815.44850312759,21.2450673670948,41.4753134114141,144.365397650979,1177.29915269366,463.54643272388,2.76832078776913,13.2303707867708,8.99701434655758,53.0621226996334,59.0032404583418,4.0
285,Senegal,1743.5484154698,21.7244003569931,42.3845805721432,139.6700973325,1226.15813247782,450.885008268559,2.78543942838307,12.8306959997502,9.36179191830158,50.9818184248167,62.3724750489586,12.9
286,Singapore,3057.90651439915,12.9009254994097,19.5085086192836,280.703869341227,1340.82991785118,94.3560517277687,2.64711862587475,8.0398865536543,12.0692714438343,82.6950658275169,58.4423084769606,5.8
287,Singapore,3012.46035533833,17.536374367743,20.8244537153573,268.615011825293,1436.60855058199,91.8660600149795,2.65985744861985,8.11404075593473,11.9309424642914,81.6123335936263,59.7300369535029,6.3
288,Solomon Islands,2620.65439221924,0.0117065167138501,3.44389732256062,204.711691575607,830.451659561847,340.039711814428,2.6044543564509,8.78689671694236,13.5647205185838,81.4214355157093,57.52804023558,17.9
289,Solomon Islands,2608.79590800209,0.0295875664330973,3.58984532319675,201.442252965027,898.422686180072,338.803255878103,2.62122048234803,8.78656200345005,14.0053116346729,80.7031355318558,58.5957788854273,27.1
290,Sierra Leone,2196.50793876265,4.61021263785484,21.3046265809589,131.422554765314,826.722801169473,337.126603008641,2.65199377480829,10.5953487039503,11.4908996383027,71.4305294028182,58.1771779923511,3.8
291,Sierra Leone,2087.72059409966,5.51260853617057,21.7557385192713,126.255895388817,849.994950378421,310.401562002235,2.6666943951813,10.2406219014466,11.96190087401,67.7418184116787,61.8849187389659,13.3
292,El Salvador,2387.96280683508,16.3736887951222,11.653772867807,240.565334287333,767.124838720022,47.6329058213516,2.60480481801576,10.957761027997,7.67108179670088,76.920316987148,58.3626304109629,18.9
293,El Salvador,2325.17093051481,16.7513780879994,12.0053525748871,230.082284856973,733.026145907399,45.9281785447683,2.62360780433256,10.9331871054625,8.01762680513865,75.2055932051548,60.5261136483832,28.9
294,Serbia,2299.8843096996,2.55279716074507,34.7217820859759,316.980854457893,706.108484276765,93.6133528773784,2.55324185160708,11.7581799738188,13.9129316838492,99.53381013040412,46.7514281826985,21.1
295,Serbia,1975.31642532166,2.29088267433067,36.4944550378804,302.384420422369,619.029141434046,78.7942525955364,2.57033740756219,10.6444398327265,14.7328524889483,98.7680691239796,52.8809888250093,21.8
296,Sao Tome and Principe,2160.34093352307,2.64788158925061,32.072136870535,138.094863647032,636.173551243471,296.300448589129,2.70884233383788,10.6625498456728,11.7758634912581,52.2797410282118,56.9986976095385,7.2
297,Sao Tome and Principe,2064.54253773453,2.92976029425476,32.7071665564648,132.340411046949,662.627284033591,282.43461974889,2.72389236173238,10.3411215083647,12.2437842881066,49.6029517895948,60.6907082481341,16.9
298,Suriname,2324.76764261907,9.98116589271407,12.4190845113916,268.127259715537,1231.10651037263,317.193699318044,2.72520203160266,12.1200918520754,6.85942801399621,72.6233019489868,56.6334969374333,18.9
299,Suriname,2241.80264597414,10.4912582540032,12.6202382322225,256.300440863552,1182.28721503506,302.416201733025,2.73823488428155,12.0851401185571,7.21883048113662,70.8866532934625,58.8723051214726,33.7
300,Slovak Republic,3033.30726015701,30.547183408381,28.8249976110296,321.410897732837,776.348252655154,303.63577157988,2.57252372178362,12.3059931615276,12.9970684744256,65.2931999801438,45.184653147604,21.0
301,Slovak Republic,2726.75790753592,29.7129324631734,28.6905002111673,300.644467759781,670.88514550437,251.973704678506,2.58906552766033,11.5528191730524,13.4116550765922,60.7675176828568,51.0521193305857,19.9
302,Slovenia,2907.30241730554,9.22967718945092,20.8521905364905,179.276772728558,955.961620254852,387.888776831294,2.61373503069393,12.1207977597901,13.2247750777967,76.6048346264265,44.4165148687549,19.4
303,Slovenia,2661.0581765845,8.39942849791534,20.9340629530188,159.737985072572,833.451315650387,315.175816652562,2.63204661240108,11.3585714870916,13.5738892619386,71.3774400421617,50.4025353232199,21.0
304,Sweden,2950.2219656731,10.9314979190323,20.1163803490901,260.371095133666,1645.00214507016,312.670254021109,2.51556727989802,31.5129548258752,14.3984484229773,76.9326693487256,44.3156837769088,23.1
305,Sweden,2754.1985879518,11.0097201502044,21.3972021508936,259.397463393604,1750.83215485834,305.783878681567,2.52449820735394,24.100278860155,14.2832536103447,72.3869192376376,45.3698128633926,18.1
306,Eswatini,1871.77361627466,24.5352649758086,43.3403116470544,152.859687151954,677.057682787072,8.3302420111843,2.53406468416827,10.5711541434418,7.32283727528707,39.4651107474845,59.9011844461458,5.4
307,Eswatini,1788.3820012199,24.88500047172,44.1270018283934,147.778807879617,708.472862319402,7.96796525941238,2.54833002926161,10.318050908496,7.68601849865872,37.8179384016054,63.2556162984241,26.2
308,Seychelles,2022.41969469708,4.83421117541887,23.3833311409785,149.367508030799,691.83981912176,74.2822298724788,2.60822199862052,11.8614591761095,9.2848467393636,67.8066938729851,56.7900217566431,7.6
309,Seychelles,1913.28930671216,5.41236097613844,23.9665872770938,143.46328514506,713.764368805683,68.3979686664599,2.62228206091048,11.5322366123945,9.75175863732823,64.1868141514863,60.4145418747423,20.5
310,Syrian Arab Republic,3467.43509999103,11.9517252974965,33.6685704259414,267.820794138505,1137.48704524793,82.3486034678685,2.75494653463025,10.1351544595247,13.5441677228581,68.476211340954,50.7129335286895,20.9
311,Syrian Arab Republic,3244.49212332416,12.1740470083937,33.5798230926121,249.187793509485,1224.28449247983,79.3185899530172,2.77014299038531,9.34140233221587,14.31845324999,63.7247426869381,52.8536943161569,34.8
312,Chad,2157.88380386517,1.76175588253566,14.8516011874193,110.411144088078,940.376820822472,39.2736529351557,2.62133538126357,10.4329322253024,11.3368119313154,50.5253325336795,59.3076894340197,3.1
313,Chad,2063.34615477545,2.04908211751214,15.1243355770528,106.065670912408,970.760603926012,37.5077723359631,2.63571824791464,10.1038497547238,11.8030678119917,47.9060301928146,62.927716082597,8.9
314,Togo,2194.76620805653,28.1688436122087,13.4976132398697,105.713878589038,833.82157940925,170.567657473945,2.65515640262955,10.4990637023079,11.5733227726397,68.9230464356203,57.8155237547646,3.9
315,Togo,2097.91632256471,28.4354903494528,13.7331170539601,101.232670870206,857.99308771216,164.373360579713,2.66954637308036,10.1652027710371,11.9884666654609,65.4308989938173,61.4907397228472,12.5
316,Thailand,3933.01251247022,21.2559900285689,7.62160310625798,298.937904209504,673.687823422693,302.986275302394,2.49734004074733,11.3080279998437,10.6697884112224,45.7116558167976,59.1504718171767,7.0
317,Thailand,4114.7426789627,25.813815539227,7.97874335893281,296.315967636345,725.402975436399,299.590648025807,2.50673345381718,11.1847458228704,10.9615708374339,46.0561350242768,59.086288603002,12.7
318,Tajikistan,2525.30699479063,10.0264899167375,7.57161258505786,468.502232533232,734.729855292634,9.50764972868755,2.57266854896384,21.6154794974197,8.28884840785939,71.1491521971589,50.2749983577838,11.6
319,Tajikistan,2296.4072763557,9.04961601424308,7.62313279373691,443.965200277309,650.42635352491,8.33304259712341,2.59437612807241,20.6783356024855,8.62285997634239,67.0269451442018,56.0539407771725,16.7
320,Turkmenistan,2870.02075646732,0.0251415135712211,13.5958960568813,321.804640791743,543.042320232433,109.213467559359,2.55154956435675,14.6623567371038,11.7889192660812,78.4986367205559,47.0355200640233,15.9
321,Turkmenistan,2607.18246969757,0.021687885189619,13.6712850747342,303.951131844155,476.911356471569,95.9531572110847,2.57439757707579,14.0115546421215,12.2504268051286,73.6473705442497,52.921698187481,20.9
322,Timor-Leste,2648.65692386222,28.9949212322472,7.96079436676997,254.753908607952,974.556296899362,89.5459909170123,2.60771914417584,8.59427246449341,13.4785201150085,87.9450958161259,58.1120542353615,2.6
323,Timor-Leste,2625.49328919968,31.2809567383952,8.2232315706595,251.002061014757,1046.26723899948,86.7729153822507,2.62235326868536,8.63166330492397,13.8821825318482,87.0313797342993,59.17769667724,4.9
324,Tonga,2676.98205757277,11.1485006531586,8.47043334733364,215.586054890021,966.52199645995,548.785713707478,2.5861474135335,9.149887525034632,14.3675697765701,71.5502402441621,57.567922525445,41.4
325,Tonga,2685.27372050679,15.7761549678027,8.87083368273988,211.712146151967,1050.16998013229,549.317194954777,2.59826457448945,9.11421096528219,14.7316971758858,71.1377716088456,58.7252843454221,54.5
326,Trinidad and Tobago,1875.62529581284,17.748278245942,8.39794432857957,248.807716936955,898.487209333051,22.7926634864519,2.63331456160639,8.4919590892815,8.97902515981377,35.1302317120285,55.8797532265523,10.8
327,Trinidad and Tobago,1678.87042105259,18.096698358435,8.47711280874721,237.845374026011,861.764849796359,21.5546453385535,2.64508493025386,8.46907206699305,9.44382647353232,34.2251245181276,58.0981703514314,26.0
328,Tunisia,2604.4262768676,12.8896896182555,40.5364395121122,294.005182036701,1143.43725307669,5.98191407309979,3.08032991019434,14.6696273649564,9.9101914429164,74.1900204424321,48.0349426965544,19.1
329,Tunisia,2341.49541146723,12.9371586140137,39.5379080555234,268.35856684664,1229.36831537734,5.80707817534493,3.01928092821679,13.4309715180427,10.5520502499994,72.6250456877876,50.1635557365421,34.3
330,Turkiye,2754.19440402433,6.52277049716261,22.5773518874418,271.301642229302,1424.06312009082,62.0978599928291,2.81122515774336,12.8980547706825,10.9281726580576,69.2928028245336,49.8906407977402,24.4
331,Turkiye,2547.67228867756,6.28147167334317,22.7650649524352,248.092925408473,1540.47162841249,60.8878724256732,2.86853353734771,11.9213793020722,11.6019932545946,62.8372316602829,51.4418255937272,39.2
332,Tanzania,2393.1068840093,4.49523958247936,14.9228938043598,140.372752636075,810.431496577568,65.2180940301044,2.61853284056739,9.566626525642787,10.452763518675,44.0312293883063,59.1379683198132,4.0
333,Tanzania,2306.80814199487,5.17016578748666,15.2878493322983,135.268089036752,835.33328554742,61.4444764036238,2.63385405962988,9.25161885548278,10.8988402128819,41.8772360887329,62.689054899324,12.7
334,Uganda,1589.5729505015,10.5711365485517,15.642041822606,126.898188858471,851.194141337329,110.655605112559,2.62163519967905,10.4197480988962,11.3588532315313,56.9232811118127,59.3878361664093,1.8
335,Uganda,1483.62954182785,11.3672079268576,16.1171106166062,122.217852267981,888.516771182852,104.691728444672,2.63658711983686,10.096261552534,11.7768367246102,54.3955696413299,62.8271351216117,8.6
336,Ukraine,2983.02573793993,11.3181682464467,21.7844030430543,302.384591675886,798.765716949404,782.061487682865,2.58803094278448,16.0771882535286,10.8689151696716,64.4370846577842,46.2583457011693,22.0
337,Ukraine,2657.17126085962,10.3572475633694,21.7787426758516,282.253258288091,684.183694492296,678.913371239243,2.60256167474327,15.1500116352413,11.2795434762249,59.7682759074956,52.0334415476944,25.7
338,Uruguay,2877.0940156807,15.8489153426146,35.079850325059,323.897520949779,690.838315549642,67.8014007657728,2.60521793528715,11.6649261423975,10.7440856154768,91.3363623570815,54.2281756981388,24.9
339,Uruguay,2778.15573898915,16.2464680767349,35.669910858192,307.528078959071,651.890439034503,64.0274745998956,2.61620334695126,11.6246059959766,11.2477972621074,89.0941786166987,56.4945359833627,30.6
340,United States,3008.84045040359,13.3930219536811,13.3763507518839,252.904153383716,1413.27629756226,121.065220646257,2.76289779409483,11.9956800763072,11.655795760088,74.2468992603133,49.4547081101049,35.5
341,United States,3065.74085686183,13.2290635348997,14.2241379425078,250.301564565979,1539.23189549582,116.577708204899,2.78127062732748,11.7950382828354,11.533296723927,72.8501980416185,50.9390156591832,37.0
342,Uzbekistan,2884.80855712845,4.54630740334092,20.9514295772398,334.665793821125,695.688157686098,41.4924350754244,2.57258715082052,19.5250414913809,10.4081520108266,85.6085129614742,48.3336291988367,13.8
343,Uzbekistan,2627.02399828547,3.93404494019398,20.9932098533615,316.21127218319,616.826936626262,36.8932645724058,2.59316824358926,18.5079432534894,10.7552724230885,80.2445373760777,54.1090046832854,19.0
344,St. Vincent and the Grenadines,2337.51616465852,30.263671092658,20.7671005551023,262.670976738251,742.282898426373,150.823367538847,2.57904089243467,9.10406979374145,9.21247518809782,83.3018939100615,55.75328162536,16.6
345,St. Vincent and the Grenadines,2256.25701286773,30.4210829344291,21.1911680867646,252.187078377681,708.275357060291,142.191746332653,2.59253311218065,9.10050832020768,9.715724340911327,81.1481070426896,58.006612682184,31.0
346,"Venezuela, RB",2537.01333904137,5.6986299150888,7.11663028347465,195.358034379427,934.091936526109,174.013643967694,2.47083341139118,6.17468787864982,4.87910462140383,74.7768762060397,60.0260549564299,22.4
347,"Venezuela, RB",2470.61050697439,6.04122422091275,6.92439821560345,175.282578760663,888.153428173278,165.669350756865,2.47174514261455,5.52305717117731,4.95270103866284,71.5238874170043,63.2216084834971,28.6
348,Vietnam,1493.81618113038,5.04904652914167,6.3251992303204,307.97610683261,1269.62228411435,609.714586326309,2.23624573401809,4.20799146495623,5.55453476780347,75.6226560589627,62.6691540874154,1.6
349,Vietnam,1497.75146291491,11.5784500886894,6.57904165355328,302.1759574073,1368.1987298749,615.247144105455,2.22725339649539,4.22571342304026,5.8609318864961,74.8346871035802,63.9017988782797,2.6
350,Vanuatu,2657.53933724354,3.88572856231153,15.5475876680644,243.140227997563,1099.62287787035,384.364267244012,2.60597920895881,8.74326323179789,13.5048814226344,78.973787904962,57.6284913839102,20.2
351,Vanuatu,2649.93700613772,6.59088331982471,16.0807742262061,240.334728679687,1186.65955074689,377.685764862505,2.61987498968166,8.79685538411407,13.9501622370535,78.5703954783459,58.6592980689622,30.1
352,Samoa,1016.3096379983,11.4931127696254,20.3387375323978,149.304332554803,929.265519715008,553.457963790232,2.60291464152967,8.65418975308223,28.5299643138786,80.2566147379873,57.8806559080945,39.9
353,Samoa,1002.9486344709,16.2732211210032,20.8140532803256,150.281705038396,998.075644777656,542.949474137105,2.615401469061,8.63453854931313,28.8513465232241,79.1292369366247,58.9759653247321,55.0
354,"Yemen, Rep.",2555.86617243141,9.40063623640017,18.2164099424451,256.878731056494,521.931091487442,3.4942462455104,2.62020816840361,13.8693910829247,8.16456412997691,87.3552547180561,57.2378434937082,12.0
355,"Yemen, Rep.",2401.14979845426,9.6998793016005,18.3213595709321,238.174096677074,563.873240518716,3.39856275825238,2.63695207212227,13.0523129121998,8.76045893039858,81.2799902219599,59.2218513216378,22.0
356,South Africa,1601.910442589,7.05393851515793,19.7772453163962,268.397051092816,596.751573579731,26.036990046336,2.85867052614442,12.0351987690428,11.0215877905622,84.258388491277,55.5101550065513,15.4
357,South Africa,1453.62046161338,7.55448307680322,19.1111855997737,266.990155520979,608.20921342786,24.088187625609,2.8809763453326,11.6606165834349,10.9549041182523,84.090472800072,57.8730625626611,39.6
358,Zambia,2174.97251044742,1.12706875977226,19.5645753897455,189.555772703608,859.248341181421,84.6711482565915,2.66123514468654,10.4178960625147,11.5297174725146,60.0924314126608,58.2664763338217,3.6
359,Zambia,2089.46802443306,1.30624976253339,20.1435300344973,183.028281307013,888.471218329045,80.9579310942686,2.67443671992012,10.0752763133732,11.9792959543145,57.246344193092,61.8164201588549,12.4
360,Zimbabwe,1916.85707454765,12.8718047890267,17.138689388254,149.537023739405,1160.74514668349,63.8017711498808,2.73013517529125,11.8752583594022,8.37182205237388,53.6451468616469,59.2105212308507,4.7
361,Zimbabwe,1851.73430606325,13.4948479228692,17.8199340973411,145.212373027402,1217.47404484419,61.2258583550756,2.74344753169854,11.5447166438671,8.74477494542628,51.8975623715644,62.4353224668359,25.3
