,iso3,Vitamin B9,Vitamin B3,Vitamin B2,Total Milk,Zinc,Vitamin E,Vitamin D,Vitamin C,Vitamin B12,Vitamin B6,Vitamin A,Selenium,Potassium,Magnesium,Iron,Iodine,Dietary Sodium,Calcium,Added sugars,Dietary fiber,Dietary cholesterol,Plant omega-3 fat,Seafood omega-3 fat,Total omega-6 fat,Monounsaturated fatty acids,Saturated fat,Total protein,Total carbohydrates,Tea,Coffee,Fruit juices,Sugar-sweetened beverages,Yoghurt (including fermented milk),Cheese,Eggs,Total seafoods,Unprocessed red meats,Total processed meats,Whole grains,Refined grains,nuts and seeds,beans and legumes,potatoes,non-starchy vegetables,fruits,Country,Data until,Data type,COVID-19 deaths,Excess deaths,Excess deaths std,t-statistic,Undercount ratio,Excess per 100k,Excess as % of annual baseline
0,ALB,2.29915420531083,29.5772267884471,1.65071557950374,113.739784746836,7.99507488960318,15.1717984639958,5.0636765602551,128.67337529473,3.87796247925137,2.29915420531083,2685.17002390473,24.2778910534769,3078.15288727218,296.269134605471,8.05330744281639,112.606794688003,3273.05588904298,851.207773742015,32.5024165970556,30.3430490800099,407.458422738146,509.642282031706,150.680561743588,2.46962609940937,15.0386087990385,12.1131564299177,66.6630408499174,50.3201395179408,0.700919465909635,0.70545742981061,25.7322518648568,925.566741916604,82.8668319317555,16.6813587185641,87.3730006160373,18.3172919807951,67.9465391831228,73.4370678793932,31.2137724044105,252.814017587458,12.2727712037474,40.1813612518816,185.783632216577,129.083756861599,138.874360391486,Albania,"Sep 30, 2022",m,3589,16553,2002,8.3,4.61,575.2,76.0
1,ARG,1.22532001194784,18.2623023513008,1.42603525253498,136.438275333577,9.163603085231212,8.42458342005791,2.60830707778835,53.5166045648426,4.25594212814362,1.22532001194784,815.862749988454,105.001146681732,1640.32948111676,185.628053426715,13.2931665344902,171.034013954029,1676.14377807557,636.934696498777,11.6793289527669,11.9388911225485,265.914485602404,436.920709778392,106.332289077318,2.65909169363216,11.0123801783144,11.2844192981069,76.5775670732638,49.4621336157396,0.560877140063646,0.232476046617848,11.0013506458021,203.030144024641,38.9940380003991,32.4140070051721,30.1147102669951,11.5925898146802,87.9270464896275,24.1817763771211,10.8131373872743,174.327694648534,1.56476860854843,3.57500916483534,51.3361221249811,123.803276050558,93.9957873084252,Argentina,"Dec 31, 2020",m,48337,34997,6332,5.5,0.72,77.4,10.2
2,ARM,1.81976452571453,20.5261544633213,1.61594395207035,73.4117523217622,12.9529913372586,16.989936929951,4.12928459327145,121.792325879166,3.82113419993538,1.81976452571453,1357.95017005009,23.5121510832447,3836.71913996319,337.635242496005,12.5732278422286,102.061519330474,2869.0296860188,856.003351789622,11.3776693965437,35.0578766059993,323.143377622786,619.695369179863,150.014078443336,2.54520946508913,19.8136612394795,11.6983906646305,102.427037720816,51.2095456144366,0.679728445419767,2.57296168759239,26.1522550860276,66.8386166715719,93.91931575899568,18.9386006042935,39.8514375069648,47.9030541043973,65.1955415678799,105.883031877815,23.3018612261091,219.78244031404,18.9043361676814,14.7079982406071,48.1662838914832,95.9320965742062,91.2343636248976,Armenia,"Dec 31, 2022",m,8716,18297,2147,8.5,2.1,617.5,72.2
3,ATG,1.13322902435744,16.3221484713686,1.25902283568772,104.796461989753,9.81085653775853,14.9845466728511,3.39287807951326,65.5638914664671,3.05973016052328,1.13322902435744,798.265625092862,114.28236228367,1812.09809423519,189.554586551174,11.9456741205784,133.905416627014,2379.77778257768,798.053223038141,14.2284895743632,25.4516852101731,209.567726504619,947.201026236657,763.30867333228,2.67716405425166,8.13189170234955,9.58998137453388,96.2619802640029,56.8708760388201,0.637358991783812,0.293616075693843,20.4927165822497,363.237079040044,18.249257180429,9.16765868842256,18.6459490730626,46.4758394937468,31.8538068740528,40.500347742612,14.3176386062707,158.437178331108,2.51891631064462,43.4996331916561,33.8613505236561,232.098663906391,95.4918802292613,Antigua and Barbuda,"Dec 31, 2021",m,119,-55,85,0.6,,-56.1,-8.7
4,AUS,1.67487972406263,21.4801647326749,1.89337173212855,204.829473765643,11.9443920095469,8.63172040108533,3.93266106359904,82.7619222401031,4.63923589260337,1.67487972406263,801.600824932621,85.9712825102656,2778.9565448677,298.279454150176,12.9195719035953,172.155786424998,2616.95643395881,673.931344637601,9.21939443229092,19.3596435443781,227.233118311448,1456.54690234155,560.709275671188,2.65444307056295,12.4498402501582,12.9249976560447,73.7025287355427,46.4730659724017,0.48904964029461,0.713377719631445,49.6136858454359,112.759717059661,60.6526936101758,37.0495579929342,24.2038512896382,28.5753755440849,57.8815915541131,16.1607091483665,64.8906292666929,100.587985024284,7.38098061333479,23.1850047911062,92.259975895705,116.791222731272,131.918999095163,Australia,"Sep 25, 2022",w,14853,17281,2755,6.3,1.16,67.8,10.3
5,AUT,1.76279228234377,20.9067918062154,1.77235040396101,116.822929425457,9.794544849721612,8.41424498120349,3.95234739598051,96.8889856516798,4.6085753663684,1.76279228234377,884.024340715974,90.9511160785209,3082.69896333754,288.396765044357,13.7800086752143,202.058636311085,3030.65612410343,743.610664397916,11.1728280805837,22.0431592393074,320.783729010351,1204.70416225829,398.68584169994,2.82652988642226,13.4518331999794,16.310479914102,61.6851453108819,46.6104962094606,0.375186439060602,1.19657884901981,25.7422562069513,101.057177651066,61.6942714711522,34.9344634512322,24.1337804671092,21.052032235297,104.970007006298,56.3143193948204,29.168002851669,22.8939489804833,5.3898140554321,6.4253656824737,71.30680579966,118.441915626707,105.732200560184,Austria,"Jan 22, 2023",w,21675,25003,3400,7.4,1.15,277.6,29.8
6,AZE,1.74182323762509,18.1672757111794,1.57287987993657,90.9868728875596,16.8162282002553,7.75155780812915,3.74739780460735,104.590479064824,3.70878834857739,1.74182323762509,523.446927887789,24.8078206033887,3669.97991438034,356.131767820643,14.9596977279242,93.7102007209531,2686.08897202895,789.318255055785,1.58248968480005,17.9172530789501,299.524413609224,502.933044423756,68.1173146393837,2.46128269583268,21.4956980205187,9.152510387067608,101.857018353247,52.8050114760841,1.12385605180808,0.929287033648951,33.2416261994861,52.2607602297157,30.0849866316963,31.7975946166587,39.9357282590851,22.2884667711428,95.9194379672953,100.09127853328,46.8877431255718,300.782491715967,32.6994683393339,14.5544381751007,104.855943970826,77.6902062006813,104.818388315147,Azerbaijan,"Nov 30, 2022",m,9980,35242,3869,9.1,3.53,347.6,61.1
7,BEL,1.5278551696009,12.7834707314408,1.97396167084378,95.24266434597368,13.2081247493231,9.34798791333297,3.92324520354555,88.7485451260731,4.55054673482057,1.5278551696009,1549.30849100955,85.8363916165544,3894.72088608902,331.628219003667,8.34770860596335,182.973634997319,2586.25477106494,798.33087815059,19.3848662421609,17.0762699695647,263.354056615381,1291.73890776677,228.921679838768,2.70001544025724,13.6457486028432,15.3475588488036,86.2830448111624,50.5098912676803,0.985461027269541,2.25258347955066,64.6998351920942,193.46503015462,21.4034061831433,64.0195411322094,9.5546073799454,19.6806016754492,57.4788036985165,28.2516931797652,66.0890451448609,56.322782939838,3.36292100574815,4.54548555225357,137.773123421287,113.152482695833,103.927446406301,Belgium,"Jan 15, 2023",w,33506,28575,4447,6.4,0.85,246.6,25.7
8,BGR,2.06262587033967,37.6708062357687,0.985833941014749,131.36078374795,8.000733950376,12.7119740227143,5.40027267110549,93.83813839673732,2.68740959168377,2.06262587033967,801.734762792943,1.78930654684798,2208.82087453082,195.594203503067,8.2556723655669,24.1803104358863,2663.32908055095,445.456367704306,1.68189481068337,19.8489908490485,251.997158783908,912.439244195222,122.774026108445,3.07394427547086,10.0303208910171,12.9409505030249,61.8742094475262,52.0324632718637,0.725988544612254,1.72937362440911,41.8386082274831,48.6977422164819,502.980706668415,45.2104150241363,14.1359348386043,22.727260772657,70.440292294674,33.6121428022357,25.7889548216377,61.1464107937572,11.4996041816377,18.0935848901703,89.3543730649475,399.224163158663,95.8909898235129,Bulgaria,"Jan 01, 2023",w,38108,70002,4259,16.4,1.84,1007.4,63.8
9,BHS,1.1460838429787,14.5960738583827,1.26577477939244,150.337614470734,4.90720300198458,11.5211883454489,3.23406905469284,59.4259046616562,3.57211054514127,1.1460838429787,1073.47144064533,112.480630035405,1668.0521491665,155.528361167847,11.5063145616912,157.184608783917,2417.69574128811,513.754614806416,4.88849149104996,21.5741117727202,272.807405408476,854.915132060786,242.317091119154,2.63271700559189,7.4183109891693,11.0461235476638,69.38832540508,54.9132631159892,0.510727926984654,0.204850550260066,23.0625902326843,210.003713615445,23.276761706168,11.9338885424523,52.9194654271994,21.2373306202806,49.4037735163679,20.2661521826795,36.7235846856308,211.414360186892,9.94456954869087,17.9143894249535,11.7237342731471,105.552485725695,83.6849671448583,Bahamas,"Dec 31, 2021",m,717,1092,160,6.8,1.52,277.7,39.8
10,BIH,1.68524079397113,21.7322032662246,1.403409008212,274.174712334843,6.93875607933418,8.318911849483,4.08718050722344,87.0593296993158,3.73262416192009,1.68524079397113,1037.94487902362,24.941680162732,3276.47550002681,253.551100357651,7.35131802808133,88.191275591369,2812.88156960679,721.344844100687,3.74667597116955,18.5508168643847,324.025264868906,571.73261292287,144.210757554193,2.51446102160194,19.0720661918764,9.85912242198293,81.9240059001119,51.0710698981846,0.702732560051584,1.61062440697082,23.8084519928191,74.0279451201842,76.0152658738272,32.2300676308042,23.4007146756042,10.4096635320888,155.183789100649,27.7581836572495,45.6611694371766,148.34913303013,8.76859127875942,13.9882378949026,173.276407612735,443.601500544199,499.894640302122,Bosnia,"Sep 30, 2022",m,16137,23681,2429,9.7,1.47,721.8,65.4
11,BLR,1.98263453303637,26.9140332526236,1.62591450863027,151.016953964863,11.4606778740793,8.81856546134523,4.17802139359197,116.33082479462,4.07469098901461,1.98263453303637,925.833784488509,23.6124983849252,4105.47454341986,298.31424206705,16.34615198916,117.753473359921,3040.60636126833,780.087401695504,5.14199342232122,31.6917568476328,364.441817523031,782.644199012637,761.738370670235,2.61016647672251,14.269671206689,13.9144125060188,71.7648486001763,47.1860694023314,0.854671333433069,1.2420996239666,31.553516418395,47.77740428316,71.4761669369726,20.5653172395551,35.9293809871234,21.5129935960247,73.5287125202709,39.4728341158888,35.7400762898394,192.434051441297,10.9145544673898,75.778597740292,168.347682974576,87.0330372419083,246.338711413943,Belarus,"Mar 31, 2021",m,2247,32336,2093,15.5,14.39,342.2,26.8
12,BLZ,1.23332416880972,16.0089206431793,1.24931113473327,133.944185825347,8.33397411010741,13.4253234601475,2.99179810529144,90.7931317080416,3.19494205430842,1.23332416880972,822.110311904483,115.954906828396,2031.09902815298,214.200541969537,13.3463556977402,130.646504456489,1977.92988974816,674.852796472377,19.3645494424584,15.9414026032433,318.74502176856,792.775004149744,125.073726910372,2.59747864651441,10.8412193177485,7.73272689605857,66.0066876900424,57.8762363831784,0.658332538363568,1.42187700175143,24.4097720163709,410.24896782074,18.7466410258418,8.48221801517105,30.1566274258787,26.317809141883,102.489063192036,56.4353508889255,27.6316605542194,245.054448541049,2.20600134625304,27.5599663237655,41.5771564516365,148.30013017592,85.6141387187004,Belize,"Dec 31, 2021",m,598,534,123,4.4,0.89,134.4,26.3
13,BOL,1.30097092959091,11.6971321768777,1.42770212059092,79.4182571823932,7.6866168428283,4.95148939642428,2.23801634581837,70.9804758268992,3.45365288602414,1.30097092959091,670.876212109064,99.30556690209248,1891.70698943717,207.928624638617,18.1924189423032,138.118107917321,2238.71019129958,525.629794840885,7.66458670303568,8.81878513170056,280.613758439456,863.287055004888,17.0419076294154,2.59701155979941,11.1717533254905,11.4844755307065,56.2304276184657,48.8202899495434,0.62914401158098,0.441836529406543,23.9693288131226,347.705997070434,16.6373105536912,10.8270879613562,21.307860019338,13.9281741857056,96.3053378013342,16.4573798777201,29.364322920822,226.78361819528,11.6447006571747,11.2657903840414,51.7450033137605,112.136906902985,86.590890046217,Bolivia,"Jan 31, 2022",m,20919,57734,1218,47.4,2.76,494.6,109.6
14,BRA,0.921196258917887,18.3357129262435,1.37900078691786,182.358470432519,11.8534883151885,5.66881540039433,2.66343413895772,133.842762551634,5.39514117055805,0.921196258917887,595.824885975357,74.4337571326223,2214.9691875791,234.467007824768,13.1125972321056,158.065678582596,3129.64375012375,550.620692375343,12.488372718579,28.785462593131,272.405766169591,1950.01550739027,107.039468901677,2.73385158411519,10.4451005491795,10.094794691406,93.5016977940049,52.8712884604651,0.501868737953265,0.717695768764871,63.0923517438216,159.214644061195,10.1345468746552,8.56849851834209,15.557227092521,28.9171633602458,72.2596453077913,42.0306663122113,6.13785258557343,210.46508250538,0.232899208504795,82.1244080381322,22.0047013851171,93.4462762948538,85.0199978632174,Brazil,"Dec 31, 2022",m,693853,834614,34835,24.0,1.2,392.6,61.2
15,BRB,1.16416616719235,17.3713889110577,1.19226261425276,64.5748206353605,5.20046501013495,12.0024380059666,3.09736099702014,73.860613687393,3.05563087040523,1.16416616719235,1030.11123846224,117.437755906943,1676.34140566513,250.934751545282,11.8863887217122,167.113485255625,2189.39421787361,584.023054102135,19.9473850274659,38.5961498678031,270.942398721048,259.656511149951,1547.45146106801,2.86974800477706,8.28326896822714,8.92376638407502,58.5079098392593,56.8119303939127,0.666557938034521,0.917252176712823,4.65996036361274,579.33021883572,20.5972276604685,7.79816222973414,70.8865497925629,45.8210065298308,65.8931175147277,12.4097711606324,89.9388653757158,238.606462857295,8.74931510194536,6.89395439831565,43.1843314345855,143.197065136047,129.491645466384,Barbados,"Sep 30, 2022",m,560,321,412,0.8,0.57,111.8,11.4
16,BRN,1.01455006399224,13.1435971300641,1.25641699796113,51.0330800441525,5.15835348992707,17.5944002198097,0.41377134739672,41.824534268685,3.47701119748805,1.01455006399224,558.057031283393,120.09481101109,1504.38177889196,141.398508884168,9.65417447465205,134.69878684226,2742.51092205471,414.035476940581,22.5676496386469,15.6874260216313,339.788051054698,991.259381935116,625.928719242489,2.56643502787368,10.0544975576405,12.8714095352988,79.8330903763226,58.7076563864396,0.668978225839459,1.8765444528555,10.7830981453518,190.239714917362,11.257973328955,1.18764810565715,36.4255203690438,75.411850276531,95.7437647667561,55.6338992771951,0.0538308276481342,533.314223086563,4.22032077150063,34.3251160000285,13.0259078138692,162.971973881875,82.87319255645,Brunei,"Dec 31, 2021",m,61,-3,142,0.0,,-0.8,-0.2
17,CAN,1.79636877052433,42.2321119947365,2.06069953870908,198.164877626168,11.1666945267184,8.13432477961706,5.9698484965327,114.414504754089,4.42064917635428,1.79636877052433,841.37633992163,96.4809863529046,2832.16493583953,319.048284010311,12.3787924696305,195.922828614656,2842.78898368624,811.270480158102,9.95068228974135,15.3781811038357,277.8015411147,1692.3884649994,136.306001078751,2.53528352682272,12.0199559707882,10.9871739215021,83.9776996443303,49.5681235993765,0.636729888482861,2.73391459643807,88.7218655777404,139.080248132721,26.4130746838182,29.4847558977799,24.4019408342083,17.257465575832,44.7505479314764,23.4668029187694,59.373303852471,109.852690087895,17.3307319764595,18.8835000388869,42.9616148161946,131.642725244131,136.057729119814,Canada,"Oct 02, 2022",w,45375,36797,4585,8.0,0.81,97.5,12.3
18,CHE,1.86134992682571,24.2526536723478,1.70458303955489,106.705972145984,9.21859275657802,7.12868619246264,1.58522074472089,122.289472080567,4.52820168561713,1.86134992682571,585.480100570751,90.4529003179668,2587.40656802183,295.255175894401,7.01469276449842,183.128345323918,2642.94801052158,884.791253673113,5.15070345062378,15.5563640090119,251.554434626061,1336.20883284189,348.698908262828,2.65440730412331,13.5299936055903,13.587969492187,63.0193979359915,46.0480369026859,0.770417903087356,1.35733911847436,40.1188536210593,111.780915635018,65.6602870284076,28.5423470531827,15.8789576087063,40.2763867841325,47.842784429264,20.6425240219991,44.5701220583288,77.4501014226535,6.92542421033354,2.66248976292994,53.7552151658417,115.235308591019,137.964303497016,Switzerland,"Jan 08, 2023",w,13903,18268,2625,7.0,1.31,211.1,26.6
19,CHL,1.02558169946277,13.5909807971119,1.66524459694155,189.810001623346,6.02693572006382,4.14199734296875,3.17888088654402,47.9839661243368,1.4826123098424,1.02558169946277,390.986289108463,120.817172574668,2144.25383639851,98.033309295233,11.4380195248167,164.054662020606,2508.07673543521,692.855432829575,15.3779608648033,22.302638174132,344.389445010736,787.740250541086,130.27370164804,3.2190032291595,10.5780346807091,10.745743551494,85.622330328873,61.3104487895346,0.638638082894185,0.245919323541117,5.38285471930519,301.890034167711,40.6124053930838,13.7501974030365,41.7446771830956,16.5504223357963,19.7506101109997,54.0051463053842,40.2015647682695,254.217586538771,17.8910666152025,12.8880614393896,19.8577837808017,140.178367863076,108.529407776906,Chile,"Jan 15, 2023",w,63496,60924,2976,20.5,0.96,318.7,54.0
20,COL,0.939811768727301,10.3654871626928,1.08095168862477,52.0134338420782,7.08596944265217,4.86029853415466,2.87605566465914,71.1599236280091,3.14499820014163,0.939811768727301,660.270799759127,107.885939897227,1499.6138245768,128.193877464657,9.20082676514356,166.672810719318,1128.61844737391,491.137081629294,14.1874697001292,17.9645827548482,272.411114822849,738.369089816681,115.18324232886,2.69009067263392,12.3314194465119,8.82620447378184,45.2178983261116,49.7425139646959,0.523245146242019,0.0311551512072168,55.0334595185787,722.80891011184,28.7020981658952,7.42237109344329,31.442326802211,40.4164164830753,98.386371963356,76.9449037108364,29.1653684804763,243.708289926572,45.1482623481617,25.7544882084672,46.1663717586485,96.4914944928729,100.546668601159,Colombia,"Nov 13, 2022",w,141862,188456,3600,52.4,1.33,370.4,75.1
21,CPV,1.68192235624958,16.895149857135,1.29353620068773,64.1010537719844,7.86418821207778,11.8324192231967,3.6488632471965,132.827582711504,2.51118699976112,1.68192235624958,1177.36402677304,95.34232440516672,2208.62104806391,303.514863418711,11.6222047861815,128.504872256963,2128.89174598128,620.094676855506,1.87512745960341,58.8207138658809,154.65401445205,797.369373935267,159.141149281477,2.71443824854098,12.2208587373496,11.4293058810821,74.7328687853736,57.7782168625917,0.559458844877134,0.439241280138884,15.7800445857213,98.2553290587131,13.5884667740595,1.37893692573976,18.5778313915753,26.4184190158328,21.4318334396276,7.08658447119348,63.4517471116147,215.969423211804,15.0110540944604,30.9623404428347,39.850623713279,194.782589503866,237.215166328854,Cabo Verde,"Dec 31, 2020",m,113,192,100,1.9,1.7,34.5,6.9
22,CRI,1.25834596808587,18.6578970298241,1.38312787189791,149.172909263466,8.74258766206145,5.28158294224699,3.77758757345752,59.7511057568624,3.38820846997427,1.25834596808587,1939.06173466311,116.899051802267,2287.8055788619,241.59910765411,6.48317640773448,162.816939078278,2578.37253625052,818.86921788564,13.9481498519277,23.8832115575628,295.543242374604,800.967703811155,185.000400689781,2.64265408548089,10.460140581725,10.9795336677449,67.2602300634875,55.9057941790394,0.713550931423547,0.152764815378785,27.0704031584679,220.92508048632,19.2245567112107,13.1389265418601,31.7504816263432,73.533840470611,76.1233169758358,46.0912667250457,36.8543823576072,234.899745516476,8.58101018744697,28.1633313084439,27.3500020942828,166.384419469575,130.842771556661,Costa Rica,"Dec 31, 2021",m,7357,5964,763,7.8,0.81,117.1,23.6
23,CUB,1.27633590075341,15.1196074135434,1.42948119790311,141.939480203317,8.9337611127947,7.25894090112971,2.86205337356769,82.5968003883725,3.40009886352385,1.27633590075341,1369.73848989335,108.320880348795,3365.90448054062,246.175343409957,6.88629693782576,167.759382830705,2387.12132344815,887.368334786102,15.8379055998529,7.01094787780503,379.78227363213,521.664534069796,40.8054988520966,2.59682476883829,14.1447170919529,6.66853271038375,79.5453545969327,58.3837422592262,0.547682215537974,0.148668590343498,28.0793780079685,348.446125390633,17.3292380413213,12.1136044502333,35.1127447600785,9.96900260799988,146.424883508603,40.875565885354,35.17372676733,225.518235748023,0.339240534362796,26.3213424878939,12.3425581142095,115.185409815561,130.49691305876,Cuba,"Dec 31, 2021",m,8322,53661,4255,12.6,6.45,473.8,47.9
24,CYP,1.57721833005116,21.2416210631822,1.57117440449871,81.8968479211894,6.7917870412746,11.7299248338707,2.68041683692196,71.5347800177406,4.5456120148884,1.57721833005116,703.315301300843,88.3879771755231,2200.47218933082,246.563769697482,16.2737114885828,170.729213225166,2569.22250881547,723.636097805585,7.94168191481738,11.7174193960378,248.275515398108,1797.22847574361,317.804659713332,2.752247787311,13.6905399183225,12.2033772079575,75.8626517518841,47.7210505012439,0.869008399637264,1.17504699824771,43.5496045720886,113.89045896032,45.3576046226627,36.4607515870981,15.3607160216676,22.5828247795273,71.6875243431652,9.758993463004233,112.823475816456,92.058625534171,4.48445402699561,30.890080811718,100.131047473632,118.496849957769,59.3767124044367,Cyprus,"Jan 01, 2023",w,1258,2064,408,5.1,1.64,171.0,32.7
25,CZE,1.5273550727,17.3806848687692,1.45359013306319,94.1788555242079,7.50998103243807,9.49126184321898,4.44978946260202,82.2468413281582,3.97392041165862,1.5273550727,1187.3957413907,25.0249364398289,2407.00924444017,203.708831683844,16.8380532592769,108.367130198136,2932.34630221408,595.077744952981,7.63972732732844,17.563638625557,312.175211699213,824.37983538622,683.932930862217,2.62893810813825,11.7408742592693,14.0757190758567,51.569264820715,46.3127093581379,0.578527825899513,0.355114742866365,22.0321358887908,53.9236115822407,101.30911044237,21.9253590533885,25.2380068304099,23.3040032208477,64.918428351418,41.7142991800311,35.4347148396837,16.9646671130383,3.04332296015121,12.5063010707605,67.8920208992601,105.592197654361,74.1121146548495,Czechia,"Dec 25, 2022",w,42096,46917,4504,10.4,1.11,438.1,40.7
26,DEU,1.43136571739004,21.2090809394167,1.7693525217983,170.906850793326,8.94034935862956,9.01941771416289,1.72292207921019,91.8361727519503,4.74488762304273,1.43136571739004,1042.77016625651,93.5006058724227,2918.00870029714,291.605388430573,8.47914308519735,105.517900164839,2429.96653932407,1000.10988400069,8.6785621905734,25.1231362331719,275.043021936591,1328.07818671073,206.313301171944,2.65333335377675,12.5837660615809,15.0180085929091,91.0433878397149,46.1043799845647,0.601057818678927,0.9946497687263172,35.0741366295312,101.910939390266,45.5075015741524,24.2307895378632,23.4624978771086,17.8277526051347,47.6550094354821,61.9345545040261,75.4735061697233,224.159785595957,3.16637347938949,5.25373944001769,67.6151438170332,193.22235051545,140.812759477238,Germany,"Jan 22, 2023",w,166591,203137,35321,5.8,1.22,242.5,20.9
27,DNK,1.66080551558505,20.1312690999939,1.98185481441553,187.417408065972,14.8401595992093,8.97588533374274,4.16052820634957,97.6315436586781,4.67117589459467,1.66080551558505,786.596002086626,84.8443210509714,3380.72794557371,335.591733687554,12.2469801824581,195.463917794601,2715.64781733736,1006.88023215502,17.6343645345193,22.7415327343388,255.393387574838,979.875770032162,314.290161497074,2.58229562236027,14.40758847337,13.8179732470643,86.6900780426473,47.5777848299479,0.890738051036184,0.569671122521395,42.5653320868402,69.9370042516472,61.2111830192789,28.4663680287027,14.8004409191606,36.287846037212,53.7886270098492,36.0542895290512,44.706938644718,16.3213676770638,8.19844329842798,23.1554267517591,45.4588533439319,121.010541489337,90.1526175014409,Denmark,"Jan 29, 2023",w,8128,5351,1478,3.6,0.66,92.4,9.5
28,DOM,1.40395363962316,21.2074612036943,1.2578931003191,101.496764164031,6.10785525816309,4.24412298345428,3.03188571650195,119.433518580889,3.40136492601823,1.40395363962316,2438.12606392316,110.941082085184,2145.35002891137,256.287470458065,4.80480241025704,146.771786419689,2340.73806693926,736.119769611345,9.00000093486666,18.3628984739246,273.07287009428,859.212207993129,142.195873562127,2.71787139801431,10.4750807517322,10.9363764272786,69.6764415859068,55.8727356685074,0.521749664612537,0.159424893860456,54.026401798681,258.662256978524,5.529896655556,8.49760357820948,19.9380376567221,15.8604985902293,49.7280696794917,36.3934225504243,16.5203678906956,290.148551773727,1.36375244055038,45.555604128991,44.9099259509966,103.544791973758,142.833554989226,Dominican Republic,"Oct 31, 2021",m,4130,5018,1296,3.9,1.22,46.3,11.3
29,DZA,1.77505872821129,22.9666371195139,1.36238689694279,150.894483958554,5.49363428431487,6.15583891472046,1.91178617478282,127.779351467538,3.46013521546873,1.77505872821129,619.807852161094,154.79418631696,2350.31382063807,262.703378569713,11.9952589373198,135.04358972792,3102.61141803892,758.258463217969,11.1372694731456,24.6000469108231,389.668750268636,848.502491364955,18.1018770245171,2.59117999621991,16.3824617355613,12.9974363856417,68.1959825086565,56.3239008282898,0.855964487755409,0.353347977118691,22.6832442018839,228.600287667868,47.2242756736993,24.3471606875868,34.1400425860334,23.9948422866565,38.7174652349585,9.6786107180556,26.6543042395752,429.553470582554,5.59580613236083,18.9690498898652,98.6754360866599,195.126917598263,79.5296284810312,Algeria,"Dec 31, 2020",m,2756,50425,1990,25.3,18.3,115.0,27.1
30,ECU,1.40767317658399,19.9066537890071,1.40087149742912,74.9476094079335,4.98680551939031,4.621473702621,3.15701154912119,86.1341146742776,3.31586284778063,1.40767317658399,379.376146367327,107.949155034187,1819.11646135421,203.274403457613,4.94347851132394,138.1423808986,2506.99092612834,809.972579598586,11.6752369883376,20.4715765223013,264.363161353183,788.467984885196,98.89841825473188,2.63793645068547,8.71756897861768,13.3673428725996,24.8468560270894,62.2069705001957,0.536699500837399,0.20677694158791,59.1605022232833,489.030946285028,21.5496994483376,4.53827516342504,17.255989573697,19.2470435279248,52.6942362372295,4.10658459588204,30.6599476119127,194.127907729381,2.74151593510381,15.285661848494,38.1084686097985,108.570311622166,25.9944971456071,Ecuador,"Dec 18, 2022",w,35929,77093,2228,34.6,2.15,437.0,99.9
31,EGY,1.71886825015828,21.7885308391337,1.2787156597214,50.9279414684646,5.37691496265167,7.66179488780395,1.65200612641897,103.42895384118,3.32645523814023,1.71886825015828,899.824431826897,153.047580849351,2500.88079568828,238.073307906548,8.50938385449905,120.985939304943,3003.33905843105,682.773383182421,10.3491384416953,38.5902170641606,261.415585663282,573.575606277943,78.8301487617842,2.60402235470185,19.3714566912045,7.90761818584258,68.3580816146882,57.4602570023539,1.22716919918681,0.639456801138659,18.5235687343096,112.465633946395,14.6376075378347,6.18025093067484,21.0784394756816,14.337768963202,30.4387956635195,7.35813860863613,22.0719732914885,211.003022307649,2.00675785207969,8.88315783636442,106.419440032042,147.664619468386,88.4214457482227,Egypt,"Nov 30, 2022",m,24798,325138,43002,7.6,13.11,317.7,58.0
32,ESP,1.55080886552969,17.8115768917118,1.66484957076965,228.71615610936,8.81678124284776,7.73777018638375,3.47153222405576,76.70606642008,4.55972384001168,1.55080886552969,766.063413286184,93.62860255657948,2996.56468472034,260.317858167236,16.0735301898279,191.951948300857,2644.07367787094,816.445941416873,7.31214679289157,16.6790620833404,280.625014578954,1994.40823320525,1079.35307730292,2.76293547604923,11.387315220907,12.7461075971065,82.3903942820657,46.3981736673495,0.652972715771092,1.23878665725265,19.9054321319429,115.885556688824,48.5533842639534,43.1154835096716,18.3009898104249,65.9913589062221,55.1054914483222,32.2217411551072,22.0150152862225,114.71207362078,8.35016767848067,21.0310161599446,75.5087841457314,103.384176265091,64.3295236764438,Spain,"Jan 01, 2023",w,117702,143826,14709,9.8,1.22,307.6,33.5
33,EST,1.63270396928273,15.7665928457565,1.25185306237227,395.519713102932,14.5837168661808,8.72293498207436,4.95896086876053,98.0496619315606,7.08280245377643,1.63270396928273,1573.30004730547,0.501267326247058,3570.67153623491,318.988413312171,10.3910484815294,0.498240617625254,2344.07543611992,754.268621468874,1.83949342576384,17.2568902895874,306.775780253056,538.355771787564,278.193017470047,2.53722595800826,12.969732423681,13.7060382349543,76.0288931473706,47.9853074018184,0.566452486946969,2.48723070216114,126.085960735301,53.2072644505155,145.038243220234,94.3910262345654,35.6833728549113,30.1758627239696,75.4746221721198,88.0280850869668,107.38263659557,145.666233754423,8.09568769047333,5.98064156264198,127.762505300716,293.324262643558,105.205869681218,Estonia,"Jan 22, 2023",w,2885,5090,721,7.1,1.76,383.7,32.0
34,FIN,1.86296762873218,30.5521680099476,1.93259649462691,338.155825936899,10.3682386926816,8.17554301682419,9.104717309808413,83.0333143864329,5.52385173881685,1.86296762873218,821.154020543567,92.2230074659124,3598.23754022804,347.322046726195,8.95225507317136,277.755916955661,2912.66803849997,1069.23340565819,6.70251785823285,20.7302679844832,257.293850985934,1849.48814615527,389.388784159759,2.49737089138823,11.494197032954,13.9284044223328,84.6436858063167,44.0416054735478,0.481148432873895,1.83753360707442,41.9208364459985,57.4482068985491,61.8176752678069,31.983058973326,19.9936495896308,38.5366696564061,60.8548773805567,57.997484731241,57.2399524385192,91.938981760827,2.99786761491583,6.12665663839431,53.4550384879333,124.981213117715,150.240292569115,Finland,"Jan 08, 2023",w,8700,11129,1618,6.9,1.28,200.9,19.9
35,FRA,1.69294518706184,17.2869482644535,1.88408687667498,187.972308976697,11.3209400005681,11.1340725445438,2.03671480380927,97.52842617263768,3.87700394740099,1.69294518706184,726.946979916172,87.3029343306406,2965.12333307152,302.37982435375,11.6409591112284,185.303394424664,2890.65101617917,918.613130083319,12.8150034909564,17.058250529895,327.75285544078,1366.72563006688,719.037143759111,2.67535115165087,13.5330082921028,16.7578738259536,90.706125515796,43.2019343537099,0.681092767134477,1.6620756077012,17.182966481472,105.316545985594,70.7138714987805,37.7029948080757,11.2335309994637,30.1980479961472,48.0911235091693,31.1171210645228,33.4387282788564,135.567300123845,2.44679864868214,13.3571592315269,33.9889397952007,155.426164843364,150.850440324744,France,"Jan 15, 2023",w,159714,127214,19331,6.6,0.8,194.9,20.6
36,GBR,1.57576646211589,18.4370537341837,1.64813159324638,203.835945946599,8.87749543496945,4.11306540272453,1.65417008886115,91.3100162328312,4.51453417676796,1.57576646211589,211.234774398227,90.691719575805,3086.92429628622,267.988498112215,6.83427497074739,183.559683837054,2526.44232020095,809.014876045771,11.2590310429939,11.351717485701,274.156914077173,1818.79162708301,217.258952112594,2.623930008483,14.207104372324,12.2924373701777,67.8817746308213,56.2499674768126,0.667606722344862,2.24594235649786,36.5183047554625,161.133237201302,52.0821287707862,38.9746770334636,18.4013569692655,28.6999226101187,41.5076343580816,33.5149712767974,46.2093461589832,110.727357224676,5.39614756503847,40.2811058321959,129.035825727662,117.429923383267,91.3069328089508,United Kingdom,"Jan 22, 2023",w,204177,199419,22509,8.9,0.98,293.8,32.3
37,GEO,1.53211769566039,16.7457332641445,1.39998154746635,94.1133413893558,13.6594602981018,11.5769407365582,3.65210711225689,42.2591949102375,3.66917141404835,1.53211769566039,663.293972395409,25.98159389915,2687.96527813352,323.818451523862,18.0528910250094,90.866852149428,2608.1015092428,595.809427121898,8.97505981301352,19.8242218663485,179.752748053673,615.092725258525,368.641481731546,2.5410299880905,16.952309488762,9.31260725201768,98.7382608445936,51.8251863487589,0.364261333439601,2.01654668888559,36.3004591197306,72.2362061383542,57.0491482596179,68.4136127152879,21.4165761711902,56.9053791066724,15.2065010284032,66.8338388290153,43.4975794023503,396.377936339588,6.26997392501382,34.5405454442349,111.350168472476,87.6637244599388,71.8341812687634,Georgia,"Jun 30, 2022",m,16791,24010,2710,8.9,1.43,601.9,52.9
38,GRC,1.62184969886739,19.1764833438963,2.03198782493428,128.570796365124,11.0138431803702,8.90432730423217,3.97713108435581,88.045539537047,4.58790806001142,1.62184969886739,1005.79048411245,92.1340497848512,4125.94240994503,303.783527940407,11.9411438044194,178.042002475544,1674.61746398293,906.270020665346,7.93551097640429,30.9731561248614,180.821428097589,1554.85410565359,481.623145588815,2.75494662920543,12.8248499621349,14.5338667734113,93.2819909747576,47.517558903888,1.93552299109513,1.81190218600329,15.5576767494722,74.7622803863388,64.0770737173483,30.542586057787,15.8613925597374,30.6375641509335,77.4676936190349,5.49606809352311,34.2629900024949,21.2481550077929,7.38664749846837,13.9324726881476,80.2151718603106,91.2729013052423,77.0448112472848,Greece,"Jan 01, 2023",w,34925,38532,5110,7.5,1.1,369.7,30.4
39,GTM,1.42681253511934,20.3996993448034,1.17856449106954,58.7103253898149,11.2141939054014,4.39737448368184,1.79440902532399,56.4064513410915,1.96610683469542,1.42681253511934,1349.2571257051,80.4823281193069,2155.8050639273,388.055178197022,16.4496063068784,155.820380545977,2615.67440547402,764.39185844571,31.2937239187227,24.5729727088748,225.058201154922,1002.4518037093,11.8691867628337,2.71672828631351,8.06731454547579,5.08980537636525,51.1237346373227,68.4945892206605,0.530946806338428,0.324420630565997,17.8566495925212,258.063060601185,13.7607317425137,10.6396279555241,25.1155754114758,6.02289369413349,60.1928899041934,42.3814013512313,22.9620673527569,304.403665400124,2.59157300932589,46.0855102435475,26.9758986063711,92.362768581522,75.6263281327174,Guatemala,"Jan 01, 2023",w,20000,56243,2302,24.4,2.81,313.9,65.2
40,HRV,1.81096099444394,25.8585974603257,1.44661062139907,228.477184824288,6.39998943371225,10.0788329585836,4.69249360937155,102.456777783001,3.87153579542757,1.81096099444394,1919.05969489166,26.7765408472567,2320.50235836518,236.425319804559,12.7441627516194,108.691355390272,3026.21076019627,768.771705195064,12.2701886668847,36.3771508635306,414.777879722713,776.908695227395,1004.95074601332,2.58855347260872,13.3476892831683,13.4725948327912,90.0434538851655,48.4679290552421,0.702089899489346,1.4611510554017,23.7017254663389,79.30822085836,89.0658750468564,29.7893658454307,29.2070995160793,38.9986148348534,252.318344276398,112.203483290145,58.0846098350191,172.893438666081,8.86476031061351,8.22299254323675,79.3613170007221,480.842419855461,59.5489670738657,Croatia,"Jan 01, 2023",w,17596,23947,2440,9.8,1.36,583.3,45.6
41,HUN,1.36647836592308,14.6623817080839,1.38032493382539,57.9220642120361,6.08845803600369,9.66861025277063,4.06236236545593,66.9912490085771,3.82766314990961,1.36647836592308,1214.42793133883,28.3478981696407,2285.79178101862,183.276944857856,16.3105784419927,113.781490947689,3668.59333343651,476.000761083948,9.44653688427764,9.86790200833617,296.46841063363,432.851352129302,309.859258914833,2.93543118128291,11.0938508722787,14.2110897077868,59.2473572159961,45.9973047324724,0.634744864563986,0.0109478294309813,13.6915431595978,73.6365343991376,89.2661074460683,23.4158265946696,25.6770609218773,11.9020869874217,21.6848408643979,12.1347753569127,44.686943919441,48.0364964864076,1.63651097601284,16.183507636216,18.0831043742397,62.1195974658891,59.9620799813876,Hungary,"Jan 01, 2023",w,48495,44188,5637,7.8,0.91,457.4,33.4
42,IRL,1.76016417422663,25.5705825227788,2.02288868178911,492.319625591089,14.2667397870114,8.61523004418306,4.88836927270011,117.862671885485,4.54345467392121,1.76016417422663,658.035332343251,87.2589817431382,3732.49368526392,339.471775916835,10.8446492108099,163.564158710741,2412.64808409926,818.574352877226,12.9199428759897,12.7088323349837,229.99650180091,993.1796155078068,149.527774874259,2.59106787754359,13.4602083371875,15.1258089451664,68.6265784620828,47.4069185821222,0.635225034593221,1.47061013882659,28.9851416416137,119.468101380609,56.3370127550131,42.8037797928957,15.8599072116147,13.1636091321324,36.5940085706635,35.1741197582583,18.8684907877368,53.6085887502091,12.8969460197365,22.2864948645613,108.163785756108,116.584340547302,78.4156773523174,Ireland,"Dec 31, 2022",m,8436,6483,1779,3.6,0.77,131.3,20.5
43,IRN,1.8891347841319,15.4086057757483,1.72147498161281,38.4887884822601,8.19707688788034,7.95367036935426,1.04442469895634,79.1958008890692,2.71155725569876,1.8891347841319,665.357646081364,136.953276108102,2922.46689387425,253.86533257064,17.9363745212429,129.200647763937,2695.01523970162,760.116162987805,11.7257953926484,24.7960600907983,166.361310389992,970.421822345145,340.658596718563,2.83189000837734,9.732375283006093,10.2680956412549,68.092531876392,58.9317214151846,2.28970120153114,0.0652521280296489,4.82938542976216,106.931252464991,70.7903331859359,11.4999492835368,14.3984587477979,8.71819783955381,16.2660490016427,6.6094570561696,51.6142311412696,458.262044059318,7.00500769589539,15.4473399773411,27.9789229753014,227.334486941509,168.590467619044,Iran,"Oct 09, 2022",w,144478,273733,14086,19.4,1.89,325.9,69.2
44,ISL,1.75082841262082,20.0908022709013,1.79348241202424,320.37887914295,10.6516362466467,14.6530735444204,4.21095630981506,93.5573087913305,4.60893575660713,1.75082841262082,1615.94986756134,91.8611390922852,2786.41601948098,293.681893610273,8.07468001475719,176.566350650842,2500.12048851558,1056.98154752718,29.4560768250462,14.6783828991816,309.977149633836,1436.40985325647,995.559027253727,2.47307913330074,15.6469510167274,16.3097025652598,91.0095859794171,47.9414900034839,0.69394581004166,1.15974983096319,45.0948934946581,138.801371522644,63.5586401370952,35.5069942854097,19.0927058461033,46.7031777397653,59.6451285180795,24.1984240477499,74.59464893083,98.2908417582346,1.36910705097475,5.3561722244837,26.6161536949191,69.3403333729606,76.0812955646829,Iceland,"Jan 01, 2023",w,211,399,206,1.9,1.89,117.0,17.2
45,ISR,2.02682758754111,18.9082971912254,1.52106416378908,148.525652216707,9.5842478169976,10.2269631534847,2.96354276043097,100.082973371218,3.25813057041977,2.02682758754111,978.874211170036,153.66456419325,2307.44928102206,296.207832574975,9.2168794248558,164.266881218481,3086.38421333278,527.305973065662,11.9766661387362,10.1635364469325,311.347523843256,1690.14638875057,95.78146264248268,2.66754122041643,15.5177943857711,8.4266864855604,67.0738821659434,51.7761901956685,1.18725982659628,1.2591444356982,23.1425426761931,174.370594533879,149.706264649429,72.1111825834147,60.8627071093624,127.507656225885,131.518447422255,89.9480982802525,52.8703907536286,220.721384838614,27.8435509152413,70.6217839381542,131.986936683831,83.3442785469441,133.917249157938,Israel,"Jan 15, 2023",w,12136,12445,1354,9.2,1.03,143.8,26.6
46,ITA,1.501500332332,14.8468623700759,1.62294456225939,102.790665805297,9.10468376310304,6.04989471989729,1.58021890368878,81.8745204522353,4.47845126611761,1.501500332332,620.321196100788,84.79016981853,2798.28907828984,254.012135005466,10.6760485266979,193.685966567823,2449.45597541403,710.957010849281,5.12466401433318,18.4200508192963,277.227106775539,335.347476242688,691.263831650673,2.49805045976113,15.0432011179251,11.5655894229335,86.1066305807291,43.9359725018975,0.508680440669027,0.195174562459885,13.7585002762112,57.0845165850315,16.1354704537764,19.5590794818661,13.8086003096747,61.3519836059142,52.8338072556772,20.272489938965,9.21676828071022,344.268563696778,3.33218300795328,13.7709661096029,32.8388738877525,149.439166487167,199.418173410848,Italy,"Dec 04, 2022",w,181944,235796,23499,10.0,1.3,390.0,36.0
47,JAM,1.38084396489309,18.4403243049189,1.26084503946469,129.107261808826,4.5077585824899,3.56095993058041,3.00052697681733,85.8506785864217,3.26075169376563,1.38084396489309,1040.72155514906,113.014963037814,2202.18281297325,240.972080370665,9.79756649358506,125.55590687728,2340.47310371964,1350.35176238783,15.2036004297042,14.6591151533947,260.820938433715,705.284087756516,55.0458195301486,2.85396723372011,9.63332129431523,5.66431718339972,94.5005149753634,56.4134699026709,0.539407444183627,0.400285989617748,21.3566306599623,331.881564039077,15.9626421980738,9.8018771214717,26.5997338177215,46.5852033415193,12.3425976474583,13.6623662758707,21.950570475128,247.637878497069,3.09162958745702,11.3601634237773,20.1214617161294,148.858285845766,176.66755802495,Jamaica,"Nov 30, 2021",m,2392,5408,642,8.4,2.26,182.6,28.4
48,JOR,1.39370019711396,10.1541331719026,1.10966631036308,118.08122532899,5.68828885837597,6.44816791505691,0.502804432926219,138.15128075939,3.28164164182996,1.39370019711396,575.429159047082,125.09204710975,2453.09853492844,171.285589999183,15.6301881184446,17.3587710181005,4249.25415960188,871.870436573255,25.5244490155419,53.6103635337856,375.841025409697,1195.81008857868,17.0314078690739,2.6595957819314,6.48303979528217,8.40354067158175,80.362840311175,61.9398914869285,0.804225891877462,0.99065049037794,36.7096664207254,294.190419221281,35.4376366518465,15.5829147951192,27.129361164033,53.97791240841,54.6776067430848,40.2485218042379,23.9381642738286,322.578671342455,10.5063712530346,25.935244304524,23.7986602642243,117.069027973423,171.14689279419,Jordan,"Dec 31, 2021",m,12653,14595,1723,8.5,1.15,143.0,51.2
49,JPN,1.00844154915763,10.2813044044847,1.45542937623505,76.149428285101,5.38039808609772,14.6706420149727,4.47408470080044,77.8907300213171,7.2653761753307,1.00844154915763,497.194235260532,118.268831420565,2005.89141475658,159.266395383885,7.41048458358353,134.335796362356,3672.51476670532,511.932658488054,3.43220882880874,12.0569809972098,345.739720078543,1466.73707558425,636.77492664472,2.64144248458251,10.9622005277414,8.38926350087547,68.3934929309387,48.3144327005172,2.10685463936652,0.551800212590941,16.0420061896277,83.3559733839503,60.1619954050318,2.14877877592762,39.6007134214467,50.166284506716,89.6973747769063,15.2266981307286,6.13658327918337,409.38518998084,2.41200219743347,58.9349508695898,20.0922667266974,282.669954510293,108.928436343983,Japan,"Nov 30, 2022",m,49826,94841,28957,3.3,1.9,75.0,6.7
50,KAZ,2.07625264225585,26.1730074042259,1.45274358551131,88.3512067274964,8.62999490249041,9.09258596658984,4.80972211849669,130.897377156037,3.8192872512888,2.07625264225585,1027.98715473803,23.4667185122755,2947.88242745282,269.605543314944,11.2758865131487,92.3833905209152,2894.52153539023,808.742162802905,4.74555206469398,28.6220171820365,301.512427850783,915.608351683253,208.978764230185,2.62443112806183,14.5153209849903,12.655573622332,85.8151133467454,48.4638267962747,0.732807845668619,1.09979070329585,7.37250296931791,55.1173144841532,52.5295545066089,46.1420544334762,31.789312764567,33.0173492177414,97.4215191073344,44.682184413784,37.109774698723,506.752825130262,74.9757270070086,6.70760076656977,155.792217224997,156.983055221992,59.1080662269848,Kazakhstan,"Dec 31, 2022",m,19058,82377,8635,9.5,4.32,438.7,62.2
51,KGZ,1.56618637140899,19.1929420745259,1.29019944148782,57.5181393247157,6.53915942334699,13.9432146266893,4.01631004909591,85.662274399156,3.54946398269627,1.56618637140899,1058.00220544247,22.3587876109324,2426.28310933272,203.940744847791,10.2233007075552,74.7846107626899,2739.02297172778,740.437087841106,14.7247597316842,8.41749101971897,219.791521564812,583.727868673071,15.8882276437448,2.494342468353,21.9495641803024,10.4854416101166,72.4656683636232,51.5076853985431,1.08874581281989,0.890582486248012,11.3012918920246,182.782215013346,38.7359106726793,5.8077397226025,14.7381283748746,1.81458914161076,39.2893268154231,25.738657639946,46.634921170688,225.234811707714,37.4940204649926,6.16756781796668,84.192746855495,38.1087336330396,74.8592462210999,Kyrgyzstan,"Dec 31, 2022",m,2991,13660,1718,8.0,4.57,209.4,42.0
52,KOR,1.35095980182076,13.042993472036,1.3686493347332,114.093205214812,13.2968685227415,8.88305884984392,5.76483022023899,69.9447247549595,3.53217084358715,1.35095980182076,500.400116654066,114.580133322443,2668.22753819526,260.830609767391,10.9127274308172,126.814897907419,4238.94715438622,496.389925222271,18.4583182950755,11.3210954254508,233.866268129283,1501.01165835252,2491.12661252417,2.44985053922626,6.46404448299205,6.64257438425386,71.9384018585008,62.1905362912313,0.489008079539277,0.493072594955117,7.80537820172327,38.8467227637476,22.6582017022813,3.36357845209725,19.8375552116207,21.5641458844863,42.3470778736007,2.05957560861196,16.5407194383535,415.797143193145,1.54380999788575,27.7464400513357,12.8746590730649,138.224147480323,96.41854400144672,South Korea,"Jul 31, 2022",w,25047,42976,6255,6.9,1.72,83.8,13.9
53,KWT,1.65056378667893,20.1245372188758,1.67696425582632,229.498092628935,11.1546402640302,12.9012740763022,2.87223841298694,290.029171253274,4.31497607286467,1.65056378667893,1032.03523879996,160.454794807054,3463.32732465638,340.706690489232,11.5015038270539,183.730479705146,3018.85678889005,686.220257851017,11.1049167834645,28.2634130202973,254.314645424834,1371.03035219971,94.82095379262,2.61861565205761,11.1120183952994,11.4821521952999,57.0914113440431,53.0592567563008,0.933951959884862,1.06366342790056,27.3099262918742,396.314655537207,75.8078345575317,23.6239584373724,43.8982183405125,70.294075605684,26.4288394565985,37.5025895902171,19.9073979380917,283.120053945321,25.1089896156061,45.229671593865,356.956911255004,109.073114142386,56.9351568333892,Kuwait,"Dec 31, 2021",m,2468,6693,294,22.8,2.71,156.7,91.0
54,LBN,2.20413325198193,61.5793295377044,2.4600589875623,90.9062876550133,15.7425573191711,13.4864909761124,2.30573550715172,131.490650379465,4.7578595491483,2.20413325198193,548.239671228126,202.380428313501,8994.69197052826,409.114063761184,26.1631597294527,39.2235845503061,3529.59793817984,1194.60305407054,11.6327744521293,31.1868331079955,320.112006207043,1736.45264976006,0.721324118212097,3.04421147713956,22.360627947054,11.2373463135446,129.819723374529,43.0762320324999,0.967150977294843,0.497021053994304,16.918149535238,258.093544410743,76.5359405986989,23.9310913072205,16.5058921953565,12.1974207621428,24.1141737284926,11.2883173982245,25.5502935631906,454.123353425741,43.1589887361889,27.5291316960825,62.0010527406943,350.685247589131,227.286417190404,Lebanon,"Dec 31, 2021",m,9119,14630,1534,9.5,1.6,214.3,58.3
55,LTU,1.75110731182554,20.0669661261864,1.68068170795358,631.219745703659,11.9757297993588,11.0595744326507,5.23469417856019,75.5177138243768,3.94759655970136,1.75110731182554,1568.92649523247,26.6604380827246,3372.31815326933,297.106413312453,10.8887528512585,117.12084247821,2919.96764116663,908.578919208076,14.1752707383756,17.5216163739141,343.869754449112,569.331537892705,542.799919980478,2.5291685407934,14.9009200994109,13.890897762976,94.1654407009854,47.0944812213622,0.657763878987248,2.24062050220881,32.8159628747139,48.3402422552032,104.389577385151,29.4047729356707,47.1085581942056,29.9604548899017,144.136755221777,44.6883044464149,14.0528828594236,22.7288814493662,9.375177046380912,26.4673548853452,55.9895511927614,130.50379985351,69.3615884361205,Lithuania,"Jan 01, 2023",w,9484,23832,1412,16.9,2.51,875.4,62.2
56,LUX,1.8010600275844,26.6716879717461,1.88054975877672,136.438112995357,12.0986345422634,15.2054938007187,3.96298040431744,115.201500035543,4.59305436763844,1.8010600275844,900.392258194617,91.3737413411513,3389.76187619701,338.585530465901,11.9753472711746,200.88067315172,2851.74852188751,761.027364317582,14.0766086154057,38.4045709739115,269.131432795484,797.976105853219,196.890796987076,2.59983544629003,13.2716518523576,12.3053496828751,93.0745506062564,48.3709709862265,1.00242622822867,1.96337184826373,39.7711365979511,126.996721986407,56.4972605347241,41.0124348600768,32.8452431329731,30.0418511097847,98.0190821810515,95.2917458643632,30.6745915569208,149.632165915564,0.109182981840978,9.8719768923037,114.839541276061,95.3508538138441,85.9342167527551,Luxembourg,"Jan 01, 2023",w,1190,-29,326,0.1,,-4.6,-0.6
57,LVA,1.86130238564479,26.578814624789,1.54971134439316,154.006356152517,9.43898127182906,9.93842393704479,4.42671792094254,82.8332916556321,3.94138815989702,1.86130238564479,1345.31412316983,25.345524378851,3067.7186178874,249.850132407521,15.9273854524023,112.238552633236,3067.01139466822,823.096494577625,12.8512566525992,33.1358833554339,345.414182967618,808.444185905461,938.559699565017,2.608572279721,12.7248604052326,14.8896753998467,80.2861675540669,47.2323137536445,0.536089397662599,2.33079815616922,20.1248851874536,42.2626194233622,98.232930535958,37.6249466145124,30.8222263183229,34.9925870589497,203.228213961626,59.724845108953,71.996562779185,35.0266857815599,6.76721085527077,9.97394437046473,102.579598129957,233.322357821096,59.1010946540155,Latvia,"Jan 15, 2023",w,6197,10536,1056,10.0,1.7,558.6,36.9
58,MDA,1.67877976708368,20.6017397068029,1.38420119145459,101.993098080907,5.14518020923992,12.5975096665249,3.74504236216776,74.154521523766,3.75701656138716,1.67877976708368,594.675839464998,25.7955569205224,2075.65043205408,199.197431876391,13.5796472121096,103.905959513283,2740.94399277473,639.99077020393,1.02564347793189,12.8980140810721,312.555220025104,831.793636126697,625.424179599904,2.62650006772636,19.0870946365575,11.2271012502149,46.9988748557204,49.8563350153929,0.697650091290858,1.78670525671802,30.9247123016913,25.1614151082285,77.3466479935397,36.6054902409771,28.7469216622492,29.5422913589562,92.91379720893,67.8755284270251,61.4774759467921,124.927918284215,16.5268940710993,112.73543267386,69.9005541059942,90.3426766291632,98.3100921953065,Moldova,"Sep 30, 2022",m,11844,18415,2177,8.5,1.55,456.5,51.8
59,MDV,1.30730194901478,18.319477605439,0.955511992163174,166.400967816945,7.83142666707866,12.9836237584675,2.83546631642758,47.688843138976,2.14849141192694,1.30730194901478,875.570970610204,124.301384297599,2069.66169512937,327.521289228287,8.55534089925254,158.655322702017,3220.87272779427,509.334478055519,9.52073617413072,62.3818998421196,243.007608245089,735.270313094662,1022.4009111329,2.52563318795343,7.3911367095467,6.68122754708395,93.50536689885972,67.1223245825682,0.656160907933878,1.8665666934135,3.0779934231825,126.776258589738,19.6585937732848,3.34737553528891,15.9899371878395,40.3678958965993,29.9036590450492,15.9811198326544,143.039000216319,454.972417360326,14.9459595935945,28.4178645091383,52.5954726860775,177.798923828898,230.446137055695,Maldives,"Dec 31, 2021",m,262,603,111,5.4,2.3,111.6,54.1
60,MEX,1.26549683474478,13.5914085297604,1.36846650297502,205.997802700907,5.59730143865193,5.83603305289362,2.4699500879801,101.636137969425,2.79800855709618,1.26549683474478,801.182194854065,86.9488320902366,2115.56871322431,337.919284241665,14.5591021811841,176.542480610364,2434.24749631206,915.649950768767,15.7867215851685,9.698597853687993,264.543035799964,354.641268076663,47.3455854699065,2.35869644921326,10.2816111496091,10.7669700814841,68.5736148375858,56.6951366235401,0.479591895654115,0.386161047843719,9.19353221772772,321.283150562154,17.9915528070843,13.7473323146175,36.5230033233624,7.86556020966028,47.125917953149,18.3394229665187,4.66090944802079,83.6010940255961,1.87377048813565,40.5571204773139,17.0223935987882,194.049017834231,149.842305797841,Mexico,"Jan 01, 2023",w,331414,662551,15416,43.0,2.0,513.9,85.8
61,MKD,2.26794380568181,28.3543550316452,1.43298355034935,197.789185289826,6.29514037251354,9.84563566081475,4.26026533904477,163.073601162046,3.80818886579848,2.26794380568181,1562.33375556323,24.5788299184284,3010.0147635062,307.228831648902,10.4791174764694,89.5897004859612,2840.07449811027,836.492548369124,22.9832433912428,35.4763887800516,243.327531623289,1031.17256832005,480.303964666165,2.65619879554155,13.3534728878738,11.5427065991582,88.779432244402,49.3013000881659,0.670239861256537,1.35302166916969,27.1513333247449,246.02675166399,80.3272556427178,32.1331635721087,15.2921765627319,25.3379025346614,51.725059580885,62.7182470275519,49.9174534681304,221.542146395952,12.0409423578508,21.294221470503,146.24935991256,150.811668444165,91.9394566183511,North Macedonia,"Nov 30, 2022",m,9591,16869,1903,8.9,1.76,809.7,84.2
62,MLT,1.69006835392353,27.6220132559132,1.78669401639924,220.949709369405,9.03567960704577,10.6431047894457,3.5994215067071,62.6322198983591,4.51556806369533,1.69006835392353,537.142598979993,96.3968372651233,2862.26120770078,294.893637181218,9.6361791609303,188.641085175378,2580.37876754266,1003.67243046094,19.4591273676295,23.3570229245742,228.073149326691,1059.37348757789,388.039645853653,2.61902880611127,12.3209284032227,13.5959762319445,84.6584575144463,49.2357062864392,0.675103819279443,1.55455717678128,81.076511102976,225.770110615661,56.6941652560505,20.8477328617977,12.4710891532425,40.6396275052042,61.9711007047143,37.7281843908263,86.0302775994597,353.14707119062,6.57676619934639,3.67993133977227,35.0115495419939,90.0350895940397,132.776619535512,Malta,"Jan 08, 2023",w,821,820,301,2.7,1.0,185.8,21.1
63,MNE,2.60659849578859,35.1762774254262,1.62761584129705,432.901237305081,8.95418753376258,11.1683791138236,5.48331151586367,233.405398507034,3.98148753792105,2.60659849578859,1696.15622076772,26.4074832769334,3580.75458659505,480.316344000285,11.2898306027421,105.330852956913,3160.16560294788,1163.39174040438,20.4393792091129,60.3621627146882,439.02055220423,739.482267924937,442.434238680261,2.5788034286498,9.19820222710178,12.6891745962066,128.697094759196,48.8982173473924,0.710447326237718,1.75897476531806,20.0564163291778,75.7106634562565,99.8252685749074,33.7403548402145,29.6519123645624,53.3137472569683,205.550117853304,65.114742761125,192.09787039757,101.735670564936,11.2967866912866,30.5243732237556,318.886980765255,135.520147068741,245.39026226019,Montenegro,"Aug 28, 2022",w,2770,3617,404,8.9,1.31,575.9,53.4
64,MNG,1.99467068011657,28.0636561597591,1.28094565633191,154.106919803431,19.4455792549247,13.985437494509,3.90763778364772,136.808594433601,4.00710802863596,1.99467068011657,1157.91277398236,19.3271751378095,1786.4828226573,231.597823746641,13.485136074532,74.1176402663455,3830.68921863267,774.268937709471,3.02940231135566,22.649168145251,321.458894184753,550.137124773293,17.3173213139637,2.53403290596053,16.1569439664062,13.3880508325576,86.7021813343306,49.0891036956529,1.00349414508785,2.0516047274061,45.0070568557315,119.549422617142,64.5683417436479,48.7837877750227,103.417585560975,16.5175031507624,82.0903813571979,120.71642280268,100.839860117232,212.779255541776,2.16119769513229,28.471047413601,148.886208221189,171.199557318924,48.7077898335278,Mongolia,"Jan 31, 2023",m,2136,785,1245,0.6,0.37,23.9,4.5
65,MUS,1.7799762906552,20.7262455712075,1.128521405206,72.09057740948,8.39086412778899,8.46425567930555,4.90247804159676,101.735057831236,2.4808107185825,1.7799762906552,1057.01434940798,98.4611964308415,1787.7060805297,310.599593162902,11.2956773964227,149.763849538301,1930.3973587216,514.635605877409,14.4122417613498,54.697059736296,171.550604740292,1396.20264919583,693.49354346579,2.78362943539912,11.2347550092408,9.6266984742142,77.5448866897922,57.4132687689118,0.733778068634643,0.511695392451104,19.3241924668109,672.852563951655,22.9551491027807,1.02641667526588,18.489113394293,46.9832107810366,45.3327440246011,37.978763153932,74.9924066243712,166.779248605546,8.97243387538214,38.4890931635421,47.4770458041842,182.751297522163,76.757911559776,Mauritius,"Jun 30, 2022",m,1004,1768,501,3.5,1.76,139.0,15.4
66,MYS,1.22296897944668,13.4604841081999,1.7784514677173,30.0844100032393,6.3476280007756,13.0591178285556,3.16413435075561,66.717809994504,1.9078518744081,1.22296897944668,609.377132566892,122.989793470173,1685.98196169436,150.390987849201,17.2752942657903,68.4226609694674,2898.91114042951,554.115465240323,6.93384678485839,21.6360640077266,259.290940836344,2681.49095650012,611.2772800087,2.54758374777619,11.0856710464118,12.2860164551339,64.4381680325708,55.5888221787523,0.417616364800745,0.131325469624154,22.5893583768871,94.52899127165432,8.81891318959121,2.48994580319779,24.8830589413061,90.9177090886627,20.7949665549714,17.5551705211733,18.3233200033567,532.499239571038,57.9516087399194,25.4199405722953,37.3714307397163,163.511351331882,106.502942848645,Malaysia,"Dec 31, 2022",m,36853,36010,5135,7.0,0.98,111.3,20.0
67,NIC,1.37996200264753,19.7280662118799,1.20354471455712,105.938321708785,7.44793237733923,6.01695157738043,2.67796094943836,103.714693157862,3.09644412376608,1.37996200264753,1023.57985801267,107.736687586482,1797.54993795759,305.425694187212,9.067684287546593,128.350738155624,2396.95709763666,830.793961884969,14.8544249348401,10.9616697257045,195.759248971314,778.438896714281,33.5001619438305,2.59526418272403,11.9974261482848,7.99083402032441,64.0516185112746,59.4334088567868,0.536414978238439,0.210314566652125,28.9237513173344,420.947440570966,16.3649942009754,7.25018441577074,26.4110545033611,17.8549911358084,37.5932053379998,49.8825333280912,29.4945380280587,229.802404452662,5.83454413407805,28.3438428942143,20.3900952963416,272.850653211352,156.509762655507,Nicaragua,"Dec 31, 2021",m,217,17235,758,22.7,79.42,260.2,67.6
68,NLD,2.00764119003815,23.3797045035414,1.41957791000043,161.316726551496,9.70240104059838,11.5869669481143,2.91160655698587,87.7755503924877,3.83365899664042,2.00764119003815,660.295838531607,42.0851151847035,3070.37303781515,437.495437574155,9.29354450698196,141.952234986867,1994.64859729659,958.582372029981,5.91567987032603,12.9193945570838,177.774118173246,1268.1424993839,90.7766216224544,2.70305166186245,11.9797784884509,13.5062662544641,99.3655644364457,45.8157668429022,0.853678194747614,1.1555234981631,52.7843301773459,109.719765409329,148.123894979816,30.2187358316176,9.53264511356773,12.8967466886418,45.3974301948367,22.5525715809242,84.5255016462994,84.8331084826923,4.35344901458189,5.31646413758033,40.0862932691852,117.266449775274,106.240930291386,Netherlands,"Jan 22, 2023",w,22992,43402,4679,9.3,1.89,253.3,27.6
69,NOR,1.70222863293289,23.42835942308,1.73491346249068,198.570144901323,9.9543802398201,11.5428941753513,3.98894671941979,88.7022584726236,4.53141566500771,1.70222863293289,859.137858978827,95.8186346277438,2793.36032261316,292.728488927274,11.1401055023014,183.442410487728,2655.24086755016,701.917971859831,12.2138210484161,16.9410818094508,254.011684895276,1251.29504570775,843.746981226332,2.6157561669597,12.9741754340893,13.5501042735476,97.44145923102812,47.8517707807197,0.65405280648329,0.500624115408516,19.1845074948555,75.3119783188306,57.9077819347666,35.464387875758,18.4386701297398,62.4500938981891,85.1145634708567,27.4504304898257,31.0227478048456,13.504728601859,3.49155460827088,1.07526023040032,37.4560746497044,131.80399543815,82.2880397889837,Norway,"Jan 29, 2023",w,5113,6800,1284,5.3,1.33,125.4,16.4
70,NZL,1.8403806185392,20.7250989472772,1.93806028121888,205.468006705108,14.0450098594255,8.67623122572457,3.18716586719961,88.5294803494426,4.61344308882161,1.8403806185392,1179.41934958028,86.3979139360917,3112.86781319102,360.675784178641,11.4509208316275,180.907065075588,2164.77506019838,626.764438057912,14.9056738680211,18.2731936686476,226.246933800576,985.187581600768,282.311862380728,2.67306640003063,15.2068343384841,15.8642922568108,109.539439020458,47.2691973651361,0.594477250710892,1.222874044643,46.9820136068396,67.365267954805,56.0210723824053,68.4910239336277,17.4596777242356,28.2584443135986,52.7880269228935,32.5466662708328,63.1000478321187,93.5888090528433,1.9465382696961,60.3217213239947,98.8624128149697,128.757280460359,152.881987464689,New Zealand,"Jan 15, 2023",w,2393,-330,1011,0.3,,-6.9,-0.9
71,OMN,1.72350099460454,22.7034631098723,1.63693410228056,139.888643400773,9.34594784312295,11.3052006090782,2.33502039707647,133.857311114721,3.98849303217467,1.72350099460454,964.157868372361,166.985678446076,2945.32553488776,337.357809511341,11.6640077002198,155.66052658307,3371.37000408763,764.016045146664,10.9301339192546,31.6766852440465,304.359911649071,982.691843469311,112.646737057821,2.72789910849571,14.0780389456501,10.5143793951821,79.6821548443667,54.2147380458991,0.766751225182639,0.46896068837631,19.3940732513607,172.650206944711,63.1602851610936,16.8196573063246,35.7447595769639,32.2979726862901,43.9185693491029,33.1089353906103,27.6450723761892,335.84942732432,17.394989465187,42.7999010766432,90.8965711736126,154.922064466874,120.611180557785,Oman,"Dec 31, 2022",m,4628,4243,827,5.1,0.92,83.1,45.6
72,PAN,1.29920313869585,18.9996289834783,1.47832004146304,118.488842003076,8.80208739023422,6.31601683847988,2.72704428331635,85.6802611792601,3.39024778306967,1.29920313869585,769.045989898538,110.202865841928,1794.01153674537,225.020625059176,17.7250494203267,130.075977854771,2376.79636998513,687.272732956589,15.0574597606865,16.3327478075534,288.68889735792,949.245544779677,189.491045590666,2.68442605339848,12.3024175071516,8.63222869152218,74.5458943393016,56.2517146839744,0.528245388021251,0.654493206833776,29.9614930453273,496.018265952442,21.716611290621,10.2798679560686,13.7707166323249,24.9393903797308,75.6217288303496,50.2681303010793,33.9114145679439,321.874527308392,15.8497928039928,64.1983098358762,31.9770989256556,151.212361759499,130.923364117205,Panama,"Oct 31, 2021",m,7315,7312,605,12.1,1.0,169.5,35.1
73,PER,1.42979257652029,19.6505122377057,1.40164511184439,73.7197857489088,9.97320234064385,4.93444497230718,2.80017764696252,107.643855267658,3.29537674747899,1.42979257652029,1609.45969829904,110.167236254682,2444.0269456507,248.31780358697,6.43886937033659,156.849037663475,2343.15953132975,791.91264123713,7.81222120133672,11.0291970179471,250.946738610776,576.276027957177,157.561701918336,2.57668553035051,15.4473622631668,7.32055442769442,78.9568154310521,58.2004384806294,0.538787107161988,0.323799045095047,17.177037653904,222.461808513764,10.0955107719777,23.0370555824376,27.7391083602529,42.9274516677825,108.402583739187,33.3170626705082,34.5289942280198,257.700489789362,7.26647931734686,33.567770458693,18.9247431802615,95.64636245772192,227.794550817401,Peru,"Oct 09, 2022",w,216727,188297,2719,69.3,0.87,571.1,115.3
74,PHL,1.25512183300881,27.5408875813638,0.805667394508223,95.7104647932857,3.34486029620735,15.502089146554,3.46616425123475,68.9435437540037,3.35288891863264,1.25512183300881,458.147835560627,110.900946984497,1462.28577125737,196.538536962753,20.7520157156171,99.0507837422989,2418.5681159883,627.626443377808,9.98708886120725,7.87898220371514,240.041554163265,485.547809576862,529.609515399763,2.41033740434803,12.6550042997106,22.9115480691456,73.3641578774981,63.8751468264775,0.566131581356891,0.969992221604185,18.4606979600174,144.730216230811,4.95242900887107,0.651383709642558,18.9519763195877,24.5744638339059,25.143856367176,45.4431227485166,52.7494297573528,317.16581468012,0.40441807401576,9.16581139192536,2.52037065099129,110.283637649128,84.8726482712754,Philippines,"Jul 31, 2022",m,60727,239431,16441,14.6,3.94,218.5,38.3
75,POL,2.08853271578839,20.0322984724866,1.70656140975287,141.365161380321,10.5681277209051,12.0167352587259,3.8256592696273,96.1074769194461,3.76800176602491,2.08853271578839,1344.34808365317,25.8726025657098,3473.02107007554,354.727765980839,11.1529636359791,152.469558390534,3126.72181071525,595.734211866325,8.70157267792579,14.7469188042736,328.907094142003,1737.69952076364,29.1204043891442,2.53837745827375,18.7150816120235,13.2284642190079,80.6946252281293,50.3395342520988,1.12395471783799,0.745305696888047,38.0473208514398,49.0291263389093,40.6425670433198,44.9086660368236,25.8135916997277,19.1857461711343,68.3527205080291,62.4582836460703,21.423540356122,204.705569029865,3.64759432520283,2.86108915798283,199.16120229343,178.688987209323,234.931752697942,Poland,"Jan 29, 2023",w,118715,181610,13620,13.3,1.53,479.9,42.8
76,PRT,1.9338093598257,19.7211638160505,1.63161307851417,189.250785292263,9.95458294345224,9.26916902896392,3.63183694519534,99.6825594066102,3.97762100080333,1.9338093598257,1036.62757926511,91.5397926665015,3200.23133834738,283.297357053898,10.5455263680242,186.291236925483,3100.47641887843,776.962821244579,5.42042265091889,16.6961143521522,275.029871726919,1364.60002705483,945.516335942955,2.6677563925923,11.8530644455622,9.64247181009764,88.0989169923246,47.8055621109018,0.839655015692751,0.452755573278205,6.3846116584017,99.3734841565542,66.2066565097745,18.1771319951034,17.2767285144908,56.740927899951,66.0598173801187,16.6780574821017,28.6790560278337,127.133192044007,2.98720757597505,11.7671465566032,110.245432894588,161.185608766655,420.859065404105,Portugal,"Jan 01, 2023",w,25799,32280,5022,6.4,1.25,316.6,27.9
77,PRY,1.01755306401985,15.0969089426778,1.32442858366913,79.044190594543,7.60453464672194,5.15920668769351,2.25051297089933,71.1068629393794,3.36285498218527,1.01755306401985,1079.49368443515,101.170884119983,2719.70664590737,169.529122546872,20.9550950197489,167.160902767594,2373.07282778515,702.51897936166,8.6254600021924,11.2277788963887,428.585513387772,1476.85815093884,87.6810391939718,2.77377165955633,9.59992724125424,9.53862146149334,78.3043575635295,55.714902106503,0.833732561321773,0.159915918056023,29.4252947249878,341.016061675879,12.3451732476915,23.022207338928,28.9287342780927,11.8520606978455,132.296412181078,30.5688132101443,29.3640712570048,127.773673145145,6.05348892684656,16.3605941090545,80.5081258667387,67.7336425093969,93.87317077589168,Paraguay,"Dec 31, 2022",m,19688,24850,2242,11.1,1.26,348.4,72.9
78,PSE,3.71439743388641,59.0634236806805,2.21666972850533,137.497571856467,16.9271671398478,11.5102425638763,0.158869928838779,380.702491658661,3.59941144476287,3.71439743388641,1444.83522452009,152.951952099362,5862.08754481669,750.233047642002,13.2362315765412,131.748252333612,3665.37923614113,2791.64952043393,13.2727270683409,67.7125041990965,262.165392254737,1000.8280887152,54.6632138445494,2.71576926086977,7.47216498316317,12.5816121249365,245.654072776191,53.1834312527971,0.942804336738562,0.578595272626639,23.7359538949553,183.01331016946,62.0782853627541,17.2695940473867,30.0642927299366,32.4864260098578,39.411337621375,20.8206955523773,13.3065212969886,452.039928255244,19.1037837593042,37.7613066971517,74.3905542433575,139.347997958862,106.115750401239,Palestine,"Dec 31, 2021",m,4934,4714,1787,2.6,0.96,92.4,36.5
79,QAT,1.70950226322958,24.2406141689539,1.73908756735057,117.426894356333,9.60375177609216,11.4342139315873,0.150763280891723,139.691431526739,4.27310589710504,1.70950226322958,1145.30974654618,170.079013144885,3086.69181748865,359.658567037883,13.2108197118133,154.818291876461,3559.97121630823,782.019760487379,8.98783882082544,19.3341945958203,268.546717003388,1118.76835307004,46.965223119979,2.71773747034296,14.5278510081212,10.6357884229558,83.417162012173,53.778559414641,0.989195547292666,0.707899505784825,24.9864340481321,230.98915138274,65.7158956536526,18.0075535727573,29.9944204281296,34.2929827828186,37.3693983596043,27.5478340597706,15.8770857626283,449.701609785846,20.2525658456641,38.0426370571028,57.1798578607523,168.857684757521,123.130779753793,Qatar,"Dec 31, 2022",m,685,1386,180,7.7,2.02,48.1,61.6
80,ROU,1.68941382961164,21.1560602934993,1.60138221996867,154.01495652515,8.0937648835097,17.4749752089641,2.28695625293361,104.097956279216,3.40676688555058,1.68941382961164,1398.06332336075,105.125193350435,2411.58013150071,237.447150351268,12.4095572646482,108.027874362274,3754.17545250715,1013.37469376267,6.61359264918602,21.5734008686392,346.793610937587,297.765751483621,708.474945997501,2.22550000981058,15.1128598321169,11.5392264610082,80.2083323137297,41.6318371420651,0.493059004015266,0.474082770751626,9.082823573622893,139.016953836328,60.9558154840712,76.079139845431,53.5070055753425,41.4362137350716,69.6494975460576,49.8915690849141,5.1955611094781,296.677707246521,10.7969785086444,33.1271252027769,159.956908395638,358.232424265859,194.23923347111,Romania,"Dec 25, 2022",w,67341,122920,9090,13.5,1.83,639.0,46.2
81,RUS,1.95739264012922,27.18766619482,1.43769847273263,177.993406426393,7.80135569824754,10.2256363395065,4.03424571134659,97.4476730553025,3.97040952469502,1.95739264012922,1269.52914727655,25.1715917162128,2854.22067291619,251.364703223871,12.2973298210252,115.683001414469,2566.62284269374,747.08312459499,14.8144263860927,22.3114577730286,348.274519630235,654.977834117019,829.023553015431,2.58185409024565,15.443590549147,11.6692953393419,76.2381959033463,49.0703855983801,0.700592411157647,2.2347907987129,31.302399830071,92.95997474321372,93.8696658491221,29.636341109887,37.9126352319842,34.7201460809546,188.040493348912,52.2438449259412,88.7800690896184,41.8265438992544,16.5820007489997,1.04214646938394,97.8956716405889,180.927847291103,90.4122277959147,Russia,"Dec 31, 2022",m,393762,1275102,60025,21.2,3.24,868.9,72.2
82,SGP,1.20921832775542,14.5705522943803,1.25686007160399,49.0101514030456,9.168654706555888,17.6440719435375,0.453389605381486,62.6306708892629,3.41074164229179,1.20921832775542,754.528796741205,118.169322190654,2180.76397532051,199.961779591474,11.9324341559406,129.017648858655,3044.98245957011,424.795109483552,15.1322867861678,20.1507816354326,275.207023017982,1388.59995940811,93.3645148154652,2.65265625435759,8.0787806610852,12.0112416452404,82.2581381862344,59.0768667982679,0.60787149680095,1.18425491808563,9.38934254042219,107.716466499471,10.2306950431982,1.02759868094316,33.0955181102829,50.218573867737,47.1365695248287,16.1467652043198,8.06723451286776,538.818807702691,2.59470352089113,15.5512356769627,11.8714142517042,152.199331843975,134.178200163594,Singapore,"Sep 30, 2022",m,1617,4410,925,4.8,2.73,75.4,20.0
83,SLV,1.09609003751807,15.7141385177495,1.23076679189703,95.7012451482225,6.8659583860064,5.97550806633209,2.88610263483161,84.1455296784148,3.17909867183873,1.09609003751807,955.610122243038,115.19540961995,1923.0316053983,259.281819281222,12.0383479021906,145.866296681869,2357.4744063526,682.255151697687,16.5822517192233,11.8662971019264,235.033625309612,752.801334315051,47.44388302023,2.61349011946384,10.9644452363917,7.86087644792367,76.0719758654356,59.4819633222985,0.537966913256025,0.829934185618866,27.5562651648231,342.367270356851,18.4636166175471,12.2232642439704,20.5618559342375,10.4508680207112,49.4248397393259,49.1990565363597,23.7086402264481,259.230263953714,3.1746720343379,35.7216329953308,49.053021328548,128.380664636755,123.994844793397,El Salvador,"Aug 31, 2020",m,717,4729,888,5.3,6.6,72.9,11.2
84,SRB,1.5478137098217,32.5942609555976,1.89960692276134,133.425102010394,5.81433200256179,10.6013607635445,3.83304219965862,82.7599614347561,3.84020293013067,1.5478137098217,647.376440053154,23.8146964699668,3518.82813975329,248.773292190681,11.750176844977,99.4180000173836,2138.94699811154,1059.35697073168,2.44525800974806,35.7287214760207,309.0714276766,663.754749687905,86.3056047067367,2.56271026951079,11.2387803797863,14.3228004124465,99.3592703915421,49.839197291245,0.700144074449231,1.41670428121642,36.631797039602,37.9890320701344,75.3369734464263,23.4718239618107,24.1383259988318,17.151879054102,74.9390960067376,31.4482159111934,194.84716087352,359.518646801791,3.96880901090517,32.1989297781986,138.294111647842,460.916089402429,148.425705881535,Serbia,"Dec 31, 2022",m,17521,61551,8689,7.1,3.51,893.1,60.8
85,SUR,1.29725493514364,20.588251442146,1.19395828931146,90.0501099255462,5.68457578505108,12.2288796853229,2.35537137755976,78.0805396102498,3.28669803071934,1.29725493514364,986.405195432169,117.194125366069,1679.51949623027,188.678327014091,13.5959410458545,131.323482636846,2284.26881957911,663.508401738289,10.2372072843613,12.5320826319175,262.375970567366,1213.55314403863,313.177701290734,2.73189411292377,12.1130356823527,7.03964001707536,71.7590615838088,57.7214668429986,0.969412571863922,0.272470341380653,28.0396371162803,335.496251679479,16.4035329592556,12.8843894820052,19.2427849282701,25.0445317728678,71.508553790179,45.8586850111543,39.6179492315475,272.541885131866,15.3874887650651,71.7421980276786,29.4004063067132,180.30680985884,103.343702941187,Suriname,"Dec 31, 2020",m,121,43,98,0.4,0.36,7.3,1.1
86,SVK,1.79265825711854,22.532224196874,1.36081472938896,92.8427812581931,5.92422826593734,11.0625551242356,3.96555188102532,106.440060516723,3.84368544248763,1.79265825711854,1751.80707151028,26.3371657087772,2237.2240198021,244.370209541921,14.0674436984601,119.410253262678,2872.36191315297,647.335651379576,30.1042528699427,28.7833969912205,310.731877310796,723.903281750728,277.387144620465,2.58105031195961,11.9220315943936,13.2095707153213,63.0041722586246,48.1917749501802,0.428091055469402,2.10386883665038,22.4589151846953,135.340250868223,42.0015652555909,15.3155061725301,9.81989860191243,8.84203941511007,33.5816826388656,57.4782911585031,52.3776617833434,61.3091059848138,3.38357766516081,4.60935875870658,74.5684455469406,101.641726879028,80.3423399591042,Slovakia,"Dec 18, 2022",w,20783,29830,2262,13.2,1.44,546.4,54.5
87,SVN,1.67528542531331,21.3768454201142,1.53007604131469,168.697162634904,8.04904709829374,10.041941747349,4.54343773472476,68.6811083868203,3.87409456765727,1.67528542531331,1107.53069310356,25.1993796941488,2595.30003459115,240.864855138799,14.7665391064757,102.342919562951,2791.31860452117,610.496233114836,8.89411527683677,20.9370125726965,169.871359005034,898.06870102143,353.359673663039,2.62238483830914,11.7249746565095,13.424802340474,73.9235064940783,47.4363953530195,0.686762453845704,1.31559930286416,62.93816456132,108.666574130704,100.994680457855,24.9694071331945,40.563187346932,34.2635022961278,55.4962998073052,35.6345049609525,55.9831421859031,155.237736020774,9.00594899021951,19.0546699671606,114.737934509269,115.056378486855,76.5834770118753,Slovenia,"Jan 22, 2023",w,9036,6394,942,6.8,0.71,307.6,30.0
88,SWE,1.94151950469478,19.0130705989568,1.49446041041951,242.128631169046,9.9696389885053,10.0620461354293,6.51731599503685,95.37212392127752,5.01264517997276,1.94151950469478,905.485788579633,42.9865398627885,2992.76005919582,312.03219245184,10.0471334326927,188.720366754142,2851.46495812276,820.710556898479,10.9700254388154,20.7709076251845,259.76827389383,1697.64067112931,309.222222491636,2.51999493506345,27.8082826694521,14.3392684866246,74.6866412949084,44.8346819941953,0.523688291880475,0.979425728377611,62.7574851886888,81.7451384092467,90.4760000026512,23.201164909627,21.7532256942574,35.0881386985855,69.6374714687733,32.3301043488185,25.0182441435061,25.0030771787809,5.10794474701184,15.2868050390947,73.0620254126787,150.750055221881,114.96682348047,Sweden,"Dec 18, 2022",w,21623,14863,2494,6.0,0.69,147.2,16.2
89,SYC,1.51441025419415,13.8110463402921,1.23062693908167,48.8256052200917,7.59839000862856,11.1384469731803,0.317634212781742,98.2488500974313,2.35933284810666,1.51441025419415,1904.28159409181,94.7602369703105,2354.39310547278,306.26436021452,9.48603588452268,105.552099557417,1972.53985198887,474.763518785807,5.21346306103119,23.7161989629862,146.555127538983,705.681991695418,73.4516674689765,2.61483650612072,11.7238761969381,9.51054609670996,66.0818014825038,58.5461915386544,1.59418702321299,0.265678443436538,7.4539700941253,270.670449278341,11.37077658672,2.15829426157543,9.76524762356618,174.703529721438,18.7580878022777,13.0471416785528,38.6419638764484,246.460768017191,9.426352606998853,19.6024431135841,67.491194018046,215.524910891509,108.500652551376,Seychelles,"Dec 31, 2021",m,126,-102,83,1.2,,-103.9,-12.2
90,THA,1.23634560417712,14.7858054677902,1.3534768527272,66.9344656032498,2.94753831320693,13.8228672957135,4.27160683809014,40.5433730027052,3.06196498624418,1.23634560417712,393.588146309915,120.207192436263,1378.067708627,190.068676046322,10.77975726884,111.709936366584,4024.33206870577,414.418342730411,23.5382512510844,7.82331536588048,297.650371847876,702.039669490588,303.6598923362,2.50125755672737,11.2334063332979,10.8235821160173,45.885506324195,59.1215941279379,0.88032449032472,1.16358486553316,6.92456333733576,203.587178679663,5.84348438254209,1.69446007639815,31.4859177682388,45.8363961194397,38.1089043657793,11.5364953944246,18.0651571995236,416.542221259842,1.31832523991706,41.9394825548003,8.7101456292547,175.616552215305,97.15498097981012,Thailand,"Jan 31, 2023",m,33865,154652,30476,5.1,4.57,221.6,31.1
91,TJK,2.0055496122841,26.6594248960671,1.05696517501699,70.7048245998491,3.53110603615132,11.9788382730354,2.39017878251651,117.730756577988,3.48296830373564,2.0055496122841,901.482378962678,22.6291542499727,1600.86063285068,204.45275530956,10.4244665628882,59.3656343811042,2412.82541629571,669.263910937969,9.65150001600372,7.61301498685773,456.719185537697,695.275222971095,9.176757105084652,2.5845595554989,21.1595341005307,8.46363415813999,69.1321286124179,53.1657729353823,0.448939347261495,0.439459336526182,16.9851308626122,162.270023872986,52.1817546166442,3.92146925616708,18.9888127891562,6.60785579525693,50.9744180710666,79.2159758671076,46.3801048817548,181.134035692331,5.07950038962936,58.2362914056156,113.531818376671,53.8282833822513,90.68673674486432,Tajikistan,"Dec 31, 2020",m,90,9415,882,10.7,104.61,98.7,28.8
92,TUN,1.02893367330008,17.1118520699423,1.51607887703803,181.106039238939,5.99972117935426,8.99911080539227,0.647653101967103,73.3674189914139,5.2122911994713,1.02893367330008,520.982211460655,146.437196977668,2537.99322233351,250.830148663951,12.3487289669351,308.490454279535,2475.79212682129,469.344864451422,12.9078566140033,40.0584070891382,281.566783888058,1189.51057382349,5.88279944629205,3.04997602269228,14.0474058577882,10.2342907882185,73.432629888216,49.0921107157882,0.724012601597568,0.605348933184233,23.4576386680455,280.919179041856,48.9126804033212,2.46683254666158,30.8677993068526,38.2926882074399,38.2801142679537,0.920288868022407,1.50874923832389,186.667754042522,6.51878262843339,15.1790986756352,90.3428912077064,198.042704594334,63.9575631309877,Tunisia,"Feb 28, 2022",m,27784,30835,3251,9.5,1.11,260.9,42.9
93,TWN,1.58173711232791,19.2498243858506,1.41020121808663,46.703919115959,12.2742231255487,9.21971452156854,5.19456226287389,88.7129104085276,3.47342947758055,1.58173711232791,926.418064359958,117.872261941191,3478.00042922129,279.003435530806,9.19184315655251,127.261467377021,3423.57725276338,684.455341708639,12.4802049328694,22.5721940542504,307.238694358068,1063.50193349921,626.90720892787,2.84291463600551,8.91233958691464,10.8831177667292,82.49832658988,59.411519435341,0.743966107244644,3.21323543533026,7.65074254479212,188.681940865284,10.1526544848148,1.70236257841018,32.8693050931583,28.9427629016358,72.2655975400119,18.1938878703532,16.9716375328741,346.525873975769,2.71001342631278,6.31969370111871,17.1142982830886,281.033434877513,139.623252810348,Taiwan,"Jan 31, 2023",m,16356,20802,14286,1.5,1.27,87.3,11.6
94,UKR,1.9156301652735,25.1246258892265,1.40211697140502,126.499314556088,7.30508071563201,10.5771094691411,3.80351588504032,113.610512525322,3.89091191883328,1.9156301652735,1061.70333911899,25.7832357269765,3109.27102168559,241.446303067488,12.4278930869444,111.32710801531,2810.32852980648,625.698406013568,10.8422695993504,21.8457338749497,291.753769201879,740.825465872159,733.014548589945,2.59583930590234,15.6161663594295,11.0907579054958,61.8877039146987,49.4063909265619,0.655519939251687,1.05840670464063,34.8686961038213,54.2511218490832,84.1286938982325,28.7028732055722,31.0322352327715,31.5612990961309,39.0422013112114,52.2075752132973,67.0474154621155,128.411113735896,12.8368877530727,8.8632676220827,180.464163992055,183.35639512066,94.1373978970239,Ukraine,"Jan 31, 2022",m,100395,183524,21325,8.6,1.83,483.4,31.8
95,URY,1.30786814644812,18.6467110856559,1.58088040298674,165.923799329966,13.3104224738977,5.42055050472553,4.0603461561484,89.4838095448034,3.56521967766643,1.30786814644812,962.676645523057,112.404041845128,2252.85113738615,241.086002935589,14.8872242776561,168.338820495543,2830.91010932588,899.703169606642,16.0307533268482,35.4031646440865,315.845591930114,674.339222940349,66.7005593725292,2.61093025246214,11.6529198757151,11.0084908447019,90.2095422561043,55.3892886816478,0.784072249383199,0.402469682627412,35.1430719570671,399.696202714161,24.7469224664116,11.5103787922665,32.9889881297129,23.8589393694016,74.2717739137529,51.2013426671523,37.9209365528704,268.27097791624,25.5151672185076,44.9620850130797,27.4781592377757,162.672011012208,96.9814689908437,Uruguay,"Nov 30, 2022",m,7537,7250,2254,3.2,0.96,208.7,20.8
96,USA,1.88254695539296,23.0998298177292,2.02368825951628,188.85841236585,10.5941316398281,7.32841630424732,5.16271664571928,87.4545309391492,4.81031095869947,1.88254695539296,778.449544372775,106.727805276902,2395.52332560467,270.953884851622,13.8785629795548,196.599052073579,3038.28539525579,918.5519376643612,13.304174551506,13.8008044565395,251.609048260288,1477.07793414755,118.854997356254,2.77218398996799,11.8972689734298,11.5933246770971,73.5298797619983,50.2052274829825,0.649753996032086,0.94980377502252,85.9656948436107,179.463007445824,14.4732667664175,30.2473860277977,19.1947971532587,11.1965554048275,34.4891166114109,24.0686462965761,19.56795183124,88.7954207404185,11.4542732922291,19.458545678722,30.263726792774,128.598377260962,86.7834780264515,United States,"Jan 15, 2023",w,1089610,1287107,38602,33.3,1.18,388.9,43.4
97,UZB,2.62953133626038,35.1467694026343,1.32162341167241,92.04242856594452,5.91305986703174,17.0524268184107,3.40613074389106,165.835912639665,3.70370439977039,2.62953133626038,912.32590633185,22.4693546715362,2486.66516293206,277.925615421593,10.0858320493913,85.1635715133831,2752.22803396425,740.133544126043,4.34147132620681,21.0361650207257,325.757878336593,658.689943030046,40.3060835413812,2.58348803184844,18.9846484967882,10.5908617906966,83.0207535944043,51.2030230423525,1.16476189715359,0.496897565938728,14.5028023039996,124.266987318411,65.1383369713008,39.928549186122,35.7699075186813,47.3518071538372,103.997980574444,49.098295590221,52.3597160807889,176.833624827828,3.22584297768618,33.4261261509746,317.531773609205,214.72054761489,83.6114586799554,Uzbekistan,"Dec 31, 2022",m,1637,48778,10742,4.5,29.8,145.7,31.1
98,VCT,1.29840469085625,20.4733714814456,1.21691945755159,133.031913559381,5.33826299606701,12.0931284933476,2.89314524872377,97.6334647590745,3.26838892968589,1.29840469085625,1345.62461525331,117.38576390246,2093.71666140822,288.936641429458,8.41028252636455,135.710611219911,2304.6445130946,821.833223305104,30.3192892776412,20.9728579616321,257.648309987418,729.338386201621,148.151391737204,2.58553967843928,9.11827375969224,9.46701480882778,82.265448040602,56.8340326264017,0.743732124808223,0.313747183986312,22.5987521454176,1072.66381499242,17.2967863633311,9.85054581230137,14.8650200657263,31.9473680233152,57.3491961818844,18.8558622006673,19.9706107013261,172.829588995147,6.19620070784807,46.3209982011611,16.5304842349936,104.297682730055,143.512300289562,Saint Vincent and the Grenadines,"Dec 31, 2021",m,83,123,89,1.4,1.48,110.5,11.8
99,ZAF,1.24615374279451,17.2906145516651,1.5422396046961,94.3499313930968,9.2076012902963,8.51570228198651,2.94325853219961,37.8873148205319,3.04671731018301,1.24615374279451,496.846788906613,90.2556967581192,1822.14300375021,245.693684934322,9.25560362312748,139.925180831761,1526.43326244707,408.053304782869,7.34631935881858,19.4513396291703,267.860027351115,602.814346084298,25.1732630651565,2.86977250262226,11.8785244502673,10.9882562091052,84.2260746868486,56.7162007956053,0.460678556486517,0.349313640799971,2.77528945410879,281.837252405773,19.4555724432404,1.03176679668662,22.9344048587003,4.9655006977761,147.151504402725,17.4724035373297,68.5576091720619,226.777071584255,0.226812749768307,32.2583357757224,54.8604499603845,131.801080262549,32.6678518921774,South Africa,"Dec 11, 2022",w,102550,284509,10830,26.3,2.77,479.7,53.5
